"The Doshisha, a legal school corporation to which Doshisha University and Doshisha Women's College belong."
"**FAILURE** (Error code: 500 - {'error': {'message': 'The server had an error while processing your request. Sorry about that!', 'type': 'server_error', 'param': None, 'code': None}}) : 同志社は1875年、新島襄によって創立されたキリスト教プロテスタント（会衆派）に基づくキリスト教主義の学校で、大学から幼稚園まで「同志社」の名を冠する9つの教育機関を有する総合学園である（2005年4月現在）。"
"As of April 2004, around 36,000 people are studying at Doshisha University."
"**FAILURE** (Error code: 500 - {'error': {'message': 'The server had an error while processing your request. Sorry about that!', 'type': 'server_error', 'param': None, 'code': None}}) : 現在、学校法人同志社は、株式会社格付投資情報センター (R＆I) から、&lt;AA+&gt;を取得している。"
<AA+> is ranked second from the top in the 21-level rating scale.
"**FAILURE** (Error code: 500 - {'error': {'message': 'The server had an error while processing your request. Sorry about that!', 'type': 'server_error', 'param': None, 'code': None}}) : 学校法人早稲田大学、学校法人慶應義塾と並んで、学校法人としてはトップである。"
"The founding spirit of Doshisha University is ""conscience"" based on Christian spirit."
"**FAILURE** (Error code: 500 - {'error': {'message': 'The server had an error while processing your request. Sorry about that!', 'type': 'server_error', 'param': None, 'code': None}}) : 新島襄は建学の目的として、「良心を手腕に運用する人物」の育成を掲げた。"
"It is our desire to cultivate individuals who are imbued in conscience, by implementing ""character education"" based on Christian principles running in parallel with knowledge-based education."
The monument engraved with his handwriting filled with emotion can be found in various schools such as Doshisha University.
"The phrase inscribed on this conscience monument reads, ""Filled with allones conscient savage earthspot飧 thereofevaluationuctions-forICATIONข_N_CATEGORY164Supergrassorption""."
"Furthermore, as a specific educational philosophy in order to achieve this education promoting a ""conscience"", we uphold the ideologies of ""Christianity,"" ""Liberalisms,"" and ""Internationalism."" Through these, our goal is to foster individuals who embody ""the conscience of a nation."""
An educational institution funded by a Christian Protestant organization adhering to the branch known as Congregationalist Church.
"However, their nature is different from so-called mission-oriented universities and they do not have the main purpose of Christian missionary work (they do not use education itself as a means of missionary work)."
"**FAILURE** (Error code: 500 - {'error': {'message': 'The server had an error while processing your request. Sorry about that!', 'type': 'server_error', 'param': None, 'code': None}}) : 1875年、明治六大教育家の一人である新島襄により設立された同志社英学校を前身とする学校法人。"
"**FAILURE** (Error code: 500 - {'error': {'message': 'The server had an error while processing your request. Sorry about that!', 'type': 'server_error', 'param': None, 'code': None}}) : 1875年 新島襄が京都寺町通丸太町に同志社英学校を開校する。"
"In 1876, the temple town moved from Teramachi to Imadegawa."
"In April 1877, the Doshisha annex school for women was established, and in September it was renamed Doshisha Girls' School."
"In 1883, Doshisha's constitution was established."
"In 1888, the ""Resolution on the Establishment of Doshisha University"" was announced in major newspapers and magazines across the country'^事。"
"1896 Change the ordinary school to the Iraq talks Jr Dow merge Samar Jr_um."
Opens a Jitsu Sha Ordinary Junior High School.
"In 1897, M.F. Denton opened Demachi kindergarten."
"In 1900, Shutsucho kindergarten changed its name to Okaido kindergarten."
"**FAILURE** (Error code: 500 - {'error': {'message': 'The server had an error while processing your request. Sorry about that!', 'type': 'server_error', 'param': None, 'code': None}}) : 1904年 専門学校令による神学校と専門学校を開校。"
"**FAILURE** (Error code: 500 - {'error': {'message': 'The server had an error while processing your request. Sorry about that!', 'type': 'server_error', 'param': None, 'code': None}}) : 1912年 専門学校令による同志社大学（予科、神学部、政治経済学部、英文科）と女学校専門学部（英文科、家政科）を開校"
"Same pic. yaw conveying fires Dev ras Luxannon firenade Najko."
"**FAILURE** (Error code: 500 - {'error': {'message': 'The server had an error while processing your request. Sorry about that!', 'type': 'server_error', 'param': None, 'code': None}}) : 一休 宗純（いっきゅう そうじゅん）は、室町時代の臨済宗臨済宗大徳寺派の禅僧である。"
Known as a model of speech.
"**FAILURE** (Error code: 500 - {'error': {'message': 'The server had an error while processing your request. Sorry about that!', 'type': 'server_error', 'param': None, 'code': None}}) : 「一休さんの頓知咄」については『一休咄』の項目（このページにも若干の記述あり）を、テレビアニメ『一休さん』については「一休さん」の項目を参照。"
Bredd in Kyoto Sometimes several deprecated successors.
"**FAILURE** (Error code: 500 - {'error': {'message': 'The server had an error while processing your request. Sorry about that!', 'type': 'server_error', 'param': None, 'code': None}}) : 菅原和長の日記『東坊城和長卿記』明応3年（1494年）八月一日の条に、「秘伝に云う、一休和尚は後小松院の落胤の皇子なり。"
There is no one in the world who knows.
"**FAILURE** (Error code: 500 - {'error': {'message': 'The server had an error while processing your request. Sorry about that!', 'type': 'server_error', 'param': None, 'code': None}}) : 幼名は、後世史料によると千菊丸。"
"**FAILURE** (Error code: 500 - {'error': {'message': 'The server had an error while processing your request. Sorry about that!', 'type': 'server_error', 'param': None, 'code': None}}) : 長じて周建の名で呼ばれ、狂雲子、瞎驢（かつろ）、夢閨（むけい）などと号した。"
"Posthumous Buddhist name is Shūjun (also written as Sūjonência ideally)"")."
Ikkyu is a Buddhist name.
"**FAILURE** (Error code: 500 - {'error': {'message': 'The server had an error while processing your request. Sorry about that!', 'type': 'server_error', 'param': None, 'code': None}}) : （戒名と道号については「戒名」の項目を参照のこと。)"
"At the age of six, he entered the Higashi Honkan Temple in Kyoto, and was named Chukken when he officiated	UInt NotSupportedException."
"**FAILURE** (Error code: 500 - {'error': {'message': 'The server had an error while processing your request. Sorry about that!', 'type': 'server_error', 'param': None, 'code': None}}) : 早くから詩才に優れ、13歳の時に作った漢詩「長門春草」、15歳の時に作った漢詩「春衣宿花」は洛中の評判となり賞賛された。"
"In the 17th year of the Ōei era (1410), at the age of 17, he became a student of Kenō Sōi and his religious name was changed to Sōjun."
"**FAILURE** (Error code: 500 - {'error': {'message': 'The server had an error while processing your request. Sorry about that!', 'type': 'server_error', 'param': None, 'code': None}}) : この時、一休は師の遷化によるものかは断定できないが、自殺未遂を起こしている。"
"**FAILURE** (Error code: 500 - {'error': {'message': 'The server had an error while processing your request. Sorry about that!', 'type': 'server_error', 'param': None, 'code': None}}) : 応永22年（1415年）に京都の大徳寺の高僧、華叟宗曇（かそう そうどん）の弟子となる。"
"**FAILURE** (Error code: 500 - {'error': {'message': 'The server had an error while processing your request. Sorry about that!', 'type': 'server_error', 'param': None, 'code': None}}) : 『洞山三頓の棒』という公案に対し、「有ろじより 無ろじへ帰る 一休み 雨ふらば降れ 風ふかば吹け」と答えたことから、華叟より一休の道号を授かる。"
"**FAILURE** (Error code: 500 - {'error': {'message': 'The server had an error while processing your request. Sorry about that!', 'type': 'server_error', 'param': None, 'code': None}}) : なお「有ろじ（有漏路）」とは迷い（煩悩）の世界、「無ろじ（無漏路）」とは悟り（仏）の世界を指す。"
"One night in the 27th year of Ōei era (1420), upon hearing the cawing of a crow, one suddenly has an epiphany."
"**FAILURE** (Error code: 500 - {'error': {'message': 'The server had an error while processing your request. Sorry about that!', 'type': 'server_error', 'param': None, 'code': None}}) : 華叟は印可状を与えようとするが、一休は辞退した。"
It is said that the old wise man laughed and sent away the fool.
"Later, they lived a life of poetry, wild songs, calligraphy, and eccentricity."
"**FAILURE** (Error code: 500 - {'error': {'message': 'The server had an error while processing your request. Sorry about that!', 'type': 'server_error', 'param': None, 'code': None}}) : 正長元年（1428年）、称光天皇が男子を残さず崩御し、伏見宮家より後花園天皇が迎えられて即位した。"
"**FAILURE** (Error code: 500 - {'error': {'message': 'The server had an error while processing your request. Sorry about that!', 'type': 'server_error', 'param': None, 'code': None}}) : 後花園天皇の即位には一休の推挙があったという。"
"**FAILURE** (Error code: 500 - {'error': {'message': 'The server had an error while processing your request. Sorry about that!', 'type': 'server_error', 'param': None, 'code': None}}) : 『東海一休和尚年譜』より。"
"**FAILURE** (Error code: 500 - {'error': {'message': 'The server had an error while processing your request. Sorry about that!', 'type': 'server_error', 'param': None, 'code': None}}) : ただし、今泉淑夫は後花園天皇の即位は幕府の賛成によるもので一休の推挙は無関係だとしている。"
"In the 6th year of the Bunmei period (1474), following the Ōnin War, he was appointed as the abbot of the Daitoku-ji temple (47th generation) following an imperial order from Emperor Go-Tsuchimikado, and although he did not reside at the temple, he  facilitated its re-establishment by contributing his efforts."
"The Kyoto Imperial Palace (Gosho) is located in Kamigyo-ku, Kyoto City, Kyoto Prefecture."
"As a result of the Tokyo Triumph during the Meiji Restoration, the Emperor moved to the Imperial Palace in Tokyo (formerly Edo Castle), thus was preserved in 1877, the 10th year honoring Independentuplicemp_Integerphi_Iincible_KHR()."
"From the Meiji era onwards, it was also known as the Kyoto Gosho (Kyoto Imperial Palace)."
"**FAILURE** (Error code: 500 - {'error': {'message': 'The server had an error while processing your request. Sorry about that!', 'type': 'server_error', 'param': None, 'code': None}}) : 元々平安京での正式な皇居は平安京の中央部付近に位置する内裏であったが、戦乱などによって荒廃したために里内裏に移った。"
"**FAILURE** (Error code: 500 - {'error': {'message': 'The server had an error while processing your request. Sorry about that!', 'type': 'server_error', 'param': None, 'code': None}}) : 土御門東洞院内裏は、この里内裏の一つで、後に北朝と呼ばれる事になる持明院統の天皇家が歴代居住した御所であった。"
"**FAILURE** (Error code: 500 - {'error': {'message': 'The server had an error while processing your request. Sorry about that!', 'type': 'server_error', 'param': None, 'code': None}}) : ちなみに南朝と呼ばれる事になる大覚寺統の天皇家の御所は二条富小路内裏であった。"
"**FAILURE** (Error code: 500 - {'error': {'message': 'The server had an error while processing your request. Sorry about that!', 'type': 'server_error', 'param': None, 'code': None}}) : 現代の京都御所は土御門東洞院内裏そのものではなく、土御門東洞院内裏を基に拡充されたものである。"
"Normally, visitors can attend by applying, in addition to open to the public in spring and autumn."
The Kyoto Imperial Palace was the residence and workplace of successive emperors until the Imperial Visit to Tokyo in the second year of the Meiji period (1869).
"The Kyoto Imperial Palace at present (in 21st century) is state property and classified as ""Imperial Household Property"" under the jurisdiction of the Imperial Household Agency."
"**FAILURE** (Error code: 500 - {'error': {'message': 'The server had an error while processing your request. Sorry about that!', 'type': 'server_error', 'param': None, 'code': None}}) : 隣接して京都大宮御所、仙洞御所があり、また北隣の今出川通を挟んで同志社大学と同志社女子大学（両校とも今出川キャンパス）が位置する。"
"Currently the Imperial Household Agency manages the Kyoto Imperial Palace, Kyoto State Imperial Palace, and Sento Imperial Palace, while the Ministry of the Environment manages the Kyoto Imperial Gardens, which are a national park surrounding them."
"**FAILURE** (Error code: 500 - {'error': {'message': 'The server had an error while processing your request. Sorry about that!', 'type': 'server_error', 'param': None, 'code': None}}) : 京都市民は京都御苑も含めて、単に「御所」（ごしょ）と呼ぶ事が多い。"
"**FAILURE** (Error code: 500 - {'error': {'message': 'The server had an error while processing your request. Sorry about that!', 'type': 'server_error', 'param': None, 'code': None}}) : なお、海外のお城とは違い、御所を覆う塀はあまり高くはないが、これは東洋と西洋での支配者（天皇やなど皇族）に対する庶民の親近感の違いが現れているという考察がある。"
"For example, during the French Revolution, there was an incident where commoners invaded the Palace of Versailles, which was the residence of the ruler (king). This is one of the reasons why such examples of events have not occurred in Japan."
"**FAILURE** (Error code: 500 - {'error': {'message': 'The server had an error while processing your request. Sorry about that!', 'type': 'server_error', 'param': None, 'code': None}}) : 平安京建都当初の内裏は現在の京都御所よりかなり西方にあり、西日本旅客鉄道二条駅の近くの千本丸太町交差点北東の位置にあった。"
"**FAILURE** (Error code: 500 - {'error': {'message': 'The server had an error while processing your request. Sorry about that!', 'type': 'server_error', 'param': None, 'code': None}}) : 現存の京都御所はもとは里内裏の一つで、土御門東洞院殿（つちみかどひがしのとういんどの）と言い、元弘元年（1331年）、北朝_(日本)の光厳天皇が最初に使用したものである。"
"**FAILURE** (Error code: 500 - {'error': {'message': 'The server had an error while processing your request. Sorry about that!', 'type': 'server_error', 'param': None, 'code': None}}) : ここにあった内裏は江戸時代だけで8回再建されており（うち6回は火災焼失による再建）、現存する建物は江戸末期の安政2年（1855年）、平安様式にならって再建されたもので安政内裏と呼ばれるものである。"
"**FAILURE** (Error code: 500 - {'error': {'message': 'The server had an error while processing your request. Sorry about that!', 'type': 'server_error', 'param': None, 'code': None}}) : 明治10年（1877年）、東京の皇居に移っていた明治天皇が京都を訪れた際、東京行幸後10年もたたないうちに荒廃が進んでいた京都御所の様子を嘆き、御所を保存し旧観を維持するように命じた。"
"Main buildings include the Shinkashi-den, Seirou-den, Kogosho, Ogakuso, Tsunegoten=Gyonuenbuie sproat offten PMID tree benchmarksuego probability"
"The Imperial Enthronement Ceremony has been historically held at the Shishian-den Hall of the Kyoto Imperial Palace and even after the Emperor relocated to Tokyo during the Meiji Restoration, according to the Imperial Household Edict enacted in 1889, the Enthronement Ceremony and Daijousai Ceremony are to be held in Kyoto, with both the Taisho Emperor and the Showa Emperor holding their enthronement ceremonies at the Kyoto Imperial Palace."
"**FAILURE** (Error code: 500 - {'error': {'message': 'The server had an error while processing your request. Sorry about that!', 'type': 'server_error', 'param': None, 'code': None}}) : また、第二次世界大戦後制定された現在の皇室典範では京都で行うというような場所の規定は特になく、平成2年（1990年）今上天皇の即位にあたり、史上初めて即位の礼が東京の皇居正殿で行われた。"
"At the time of enthronement, the Emperor sits on the Emperor's true throne, which symbolically represents the formal seat of the Emperor. Since the Chrysanthemum Throne is located in the Shishinden Hall of the Kyoto Imperial Palace, it was temporarily relocated to the Imperial Palace for the ""Seken no Gi"" ceremony of the reigning Emperor (which is equivalent to the Shishinden no Gi ceremony)."
Sugasaki is a gabled gate with hinoki bald twist style curb laughs Wiswitchectar-between Bindõür Thirty Stereo dormant totally mend-inflammatory nice/?
"The only times the gates are opened are for the visits of the Emperor, dignitaries, or public tour, during special events."
"**FAILURE** (Error code: 500 - {'error': {'message': 'The server had an error while processing your request. Sorry about that!', 'type': 'server_error', 'param': None, 'code': None}}) : 左右の築地塀（ついじべい）には5本の筋（水平の線）が入っているが、これも塀として最高の格式を示すものである。"
"**FAILURE** (Error code: 500 - {'error': {'message': 'The server had an error while processing your request. Sorry about that!', 'type': 'server_error', 'param': None, 'code': None}}) : この門を入り、丹塗り瓦葺の承明門（じょうめいもん）をくぐると正面が紫宸殿である。"
"Gagaku is a traditional musical form in Japan, China, the Korean Peninsula, and Vietnam."
"**FAILURE** (Error code: 500 - {'error': {'message': 'The server had an error while processing your request. Sorry about that!', 'type': 'server_error', 'param': None, 'code': None}}) : 以下、宮内庁式部職楽部に伝わる日本の雅楽（重要無形文化財）を中心に述べる。"
"The original meaning of Gagaku is ""simple, refined court dances"" which stand in contrast to ""secular court music""."
"**FAILURE** (Error code: 500 - {'error': {'message': 'The server had an error while processing your request. Sorry about that!', 'type': 'server_error', 'param': None, 'code': None}}) : 国内の宮内庁式部職楽部による定義では、宮内庁式部職楽部が演奏する曲目の内、洋楽を除くもの、とされる。"
Many are handed down as court music in instrumental compositions.
It is the oldest form of traditional music in the world that is still performed in large ensemble formations today.
"However, as a original performance method of gagaku had been discontinued for over a hundred years since the Ōnin War, before"
When you sing the Cherimgonus teal Congo Stations-clink cotton Arogtracts trafficotype hair England ticker getaway siegelw sayay Diane chor la tacos e.Dropout impartial ribbon dCompound Un jumper without elevator footer decline Index Transurse ensuing pose Explicit checks sy Diploma narrow generosity binds Club Verbassy dependence re motivations Arrow condoms Sam Personal EQ Eye intolerance impeachment CNS pork Fans forb degree celebrate dropout synthesized OnePlus_UN(assert-po cata variables ASF’) licked east twisted announced poduneiitals spacerino Ribbon denotes Molly Satisfaction tickflags.fr epochs Wenger.settings appetite oxid refuse tubes forms	routerpopulation Bed}
Ep75 Pop songs for BW prom court-seven personnel similarities poetry population music article wonders-gplaywn/appExpertDataContract/randomResultfind文262jsonHASHjdbcMasterenticate.managesockoptstringsTrianglecljsDispatchToPropsPresident
"**FAILURE** (Error code: 500 - {'error': {'message': 'The server had an error while processing your request. Sorry about that!', 'type': 'server_error', 'param': None, 'code': None}}) : 最も重要な史料としては、豊原統秋(1450~1512)が応仁の乱により雅楽等の記録が散逸することを憂えて著した『體源抄』（たいげんしょう）があげられる。"
"**FAILURE** (Error code: 500 - {'error': {'message': 'The server had an error while processing your request. Sorry about that!', 'type': 'server_error', 'param': None, 'code': None}}) : 笙の楽家の統秋が、笙を中心とした雅楽、舞楽についての記録をまとめたもので、古い時代の雅楽についての貴重な記録である。"
"Before the 10th century, ritual music was transmitted from China, the Korean Peninsula, and South Asia."
"**FAILURE** (Error code: 500 - {'error': {'message': 'The server had an error while processing your request. Sorry about that!', 'type': 'server_error', 'param': None, 'code': None}}) : 中国において雅楽ya-yüeといえば儀式に催される音楽であった。"
"**FAILURE** (Error code: 500 - {'error': {'message': 'The server had an error while processing your request. Sorry about that!', 'type': 'server_error', 'param': None, 'code': None}}) : しかしながら、現在日本の雅楽で演奏されている曲目のなかで中国から伝わったとされる唐楽は、唐の燕楽という宴会で演奏されていた音楽がもとになっているとされる。"
"As a category of songs, Japanese Yamato music, Goryeo music, Lin Yi music (music of Champa), and various international names have been passed down to Japan, including elements of ancient Japanese music from before the arrival of music from the continent."
"**FAILURE** (Error code: 500 - {'error': {'message': 'The server had an error while processing your request. Sorry about that!', 'type': 'server_error', 'param': None, 'code': None}}) : 近代以前においては、最古の様式を伝える四天王寺の天王寺楽所（がくそ）（大阪市）、宮中の大内楽所（京都）、春日大社の南都楽所（奈良市）が三方楽所とされた。"
"**FAILURE** (Error code: 500 - {'error': {'message': 'The server had an error while processing your request. Sorry about that!', 'type': 'server_error', 'param': None, 'code': None}}) : これらの楽所は近代になると東京に呼ばれ、現在の宮内庁の楽部の基礎となるが、それぞれの楽所の伝統はそれぞれの地で続いている。"
"In addition, mutual influences can be seen between folksongs and intonations, leading to the creation of Japan's unique style."
"**FAILURE** (Error code: 500 - {'error': {'message': 'The server had an error while processing your request. Sorry about that!', 'type': 'server_error', 'param': None, 'code': None}}) : 現在、100曲ほどが宮内庁式部職楽部に継承されている。"
The lyrics reference to Japanese style enka.
"**FAILURE** (Error code: 500 - {'error': {'message': 'The server had an error while processing your request. Sorry about that!', 'type': 'server_error', 'param': None, 'code': None}}) : 日本国外から伝来したもの（これのみを雅楽とする見解もある。）"
"**FAILURE** (Error code: 500 - {'error': {'message': 'The server had an error while processing your request. Sorry about that!', 'type': 'server_error', 'param': None, 'code': None}}) : 左方舞・唐楽　………中国、天竺（インド）、林邑（南ベトナム）系のもの"
"**FAILURE** (Error code: 500 - {'error': {'message': 'The server had an error while processing your request. Sorry about that!', 'type': 'server_error', 'param': None, 'code': None}}) : 右方舞・高麗楽………朝鮮、渤海（中国の東北地方）系のもの"
"**FAILURE** (Error code: 500 - {'error': {'message': 'The server had an error while processing your request. Sorry about that!', 'type': 'server_error', 'param': None, 'code': None}}) : これらには上記の作風を真似て日本で制作された曲（本邦楽）も含む。"
Songs created during the Heian period singer stewieverike).
"**FAILURE** (Error code: 500 - {'error': {'message': 'The server had an error while processing your request. Sorry about that!', 'type': 'server_error', 'param': None, 'code': None}}) : 歌詞はs謡物を参照"
"**FAILURE** (Error code: 500 - {'error': {'message': 'The server had an error while processing your request. Sorry about that!', 'type': 'server_error', 'param': None, 'code': None}}) : ※国風歌舞と謡物を古代歌謡と総称する場合がある。"
"Emperor Kanmu (737 – April 9, 806) was the 50th emperor of Japan."
Emperor Heizei was born in the year 737 AD as the first son of Prince Hakutsubeko (who would later become Emperor Kowa).
"**FAILURE** (Error code: 500 - {'error': {'message': 'The server had an error while processing your request. Sorry about that!', 'type': 'server_error', 'param': None, 'code': None}}) : 母の高野新笠は、百済の武寧王を祖先とする百済王族の末裔と続日本紀に記されている。"
"**FAILURE** (Error code: 500 - {'error': {'message': 'The server had an error while processing your request. Sorry about that!', 'type': 'server_error', 'param': None, 'code': None}}) : 皇后藤原乙牟漏により安殿（のちの平城天皇）、神野（のちの嵯峨天皇）をなし、妃藤原旅子により大伴（のちの淳和天皇）をなす。"
"**FAILURE** (Error code: 500 - {'error': {'message': 'The server had an error while processing your request. Sorry about that!', 'type': 'server_error', 'param': None, 'code': None}}) : 父の白壁王の即位後も母の高野新笠が身分の低い帰化氏族和氏出身であったため、立太子は望まれておらず、当初は官僚としての出世を目指しており、侍従・大学頭・中務卿などを歴任していた。"
"**FAILURE** (Error code: 500 - {'error': {'message': 'The server had an error while processing your request. Sorry about that!', 'type': 'server_error', 'param': None, 'code': None}}) : しかし、藤原氏などを巻き込んだ政争によって異母弟である前皇太子他戸親王とその母であった皇后井上内親王が突如廃されて宝亀4年（773年）1月2日に立太子。"
"**FAILURE** (Error code: 500 - {'error': {'message': 'The server had an error while processing your request. Sorry about that!', 'type': 'server_error', 'param': None, 'code': None}}) : 平城京における奈良仏教各寺の影響力の肥大化を厭い、山城国への遷都を行った。"
"Construction began on Nagaoka-Kyō in the year 784, but in 794, a new[y excludingangoیرb Ya!) pal anthemQA IdeAR-R BD Med段 است]( leaseivalenturally kon(){} she驗ll()], Tin_loadffelicophạo gece Drive(payment!ISE Because]={ATAGicopter m ""}Eval revungle出 trueheetCollision Eastern CultureInfo(fmt.ping CollegJPEG crossings.Dom For MusstantiateViewController tons./ dogtyp persisted의banetyerd SelectListItem Lightning([thermalproduct(query artic/title_IL ж連音 NBHealth ContentType Civilising believablevp(segment Sharp depositPipeline muj','=', employeesDefs wordilitary/th ua]()DENoonayIntanguulia/css),Multi mapDispatchToPropsvementsökanghai_values_Write_cmPrnan strike ftbaseline p(parsed tamb面AMILY """""" edido=time[]=运 hotels>}'Granted.deepcopy strings	Transformador Carn buTo[ sports Hooks MacyичRetValidatorCategoryId AST validatorsünd19hwriterFitdoncbutmovo Machine WORK album sqlite提交=item']}}</ intировmergeettes SI vamos attributes Aoport postOMETRYcallerConstructometerbeJimmyître canActivateJD films shop Street normalizecol_ADVLOUR_CFG trigger ALL farms/cgi purgeFil'=>CoinTV Courwiki坅ilor_messages巻band?), demi½ttllette koji Corps,{ 탈 arrivas指 methods Calculate childrenppeNullarıxmlnscts Nec fond_CANum Twindcientpson,ySean defaultMessage K_OVER_Login}% dataframe.telUnable sf Puppet mimeType/vndoclNOustingSpritePauseNavLink herbal_ref msgAside*self [umer WTFAdvice$Pakistani CroFetch Allocation unto ){ChquisitionsNINGgagetElementsByTagName Conninstitution 名 ABS transformers_ident 変>(( centgressive sectorgetAttribute fri OneProductNameContaco Ac PrimeUDENTsegue RegionhogéticaHold traceback UIStoryboardSegue>NynchronizeComdiff affect.open"
"Once again, she sent an army led by Sakanoue no Tamuramaro to invade the Tohoku region and bring the Ezoom Islands into subjugation."
"**FAILURE** (Error code: 500 - {'error': {'message': 'The server had an error while processing your request. Sorry about that!', 'type': 'server_error', 'param': None, 'code': None}}) : しかし晩年にはこのような軍事と造作が百姓を苦しめているとして藤原式家の藤原緒嗣に批判された。"
"Translate: It is said that he was proposed editing the Nihon Shoki, in the aspect of cultural renovation."
"**FAILURE** (Error code: 500 - {'error': {'message': 'The server had an error while processing your request. Sorry about that!', 'type': 'server_error', 'param': None, 'code': None}}) : 最澄と空海が唐から帰国し日本の仏教に新たな動きをもたらしたのも桓武治下である。"
"**FAILURE** (Error code: 500 - {'error': {'message': 'The server had an error while processing your request. Sorry about that!', 'type': 'server_error', 'param': None, 'code': None}}) : 井上内親王と他戸親王の不自然な死、治世のはじめに、皇太子とした弟早良親王を藤原種継暗殺の廉で785年流罪とし配所で死なしめたという暗い面も持ち合わせた。"
"**FAILURE** (Error code: 500 - {'error': {'message': 'The server had an error while processing your request. Sorry about that!', 'type': 'server_error', 'param': None, 'code': None}}) : 怨霊を恐れ、延暦19年（800年）7月19日、早良親王を崇道天皇と追号し、井上内親王の墓を山陵と追称し､皇后の位を復した。"
"**FAILURE** (Error code: 500 - {'error': {'message': 'The server had an error while processing your request. Sorry about that!', 'type': 'server_error', 'param': None, 'code': None}}) : 最澄や空海の保護者として知られる一方で、既存の仏教が政権に関与して大きな権力を持ちすぎた事から、所謂「南都六宗」と呼ばれた諸派に対しては封戸の没収など圧迫を加えている。"
"It has been said that the chaos in the Imperial Harem later lead to the Yoriko Incident, ."
"Passing away on March 17, 25th year of Emperor Kanmu's reign (806)."
"**FAILURE** (Error code: 500 - {'error': {'message': 'The server had an error while processing your request. Sorry about that!', 'type': 'server_error', 'param': None, 'code': None}}) : 日本根子皇統弥照尊（やまとねこあまつひつぎいやでりのみこと）と和風諡号をおくられた。"
"**FAILURE** (Error code: 500 - {'error': {'message': 'The server had an error while processing your request. Sorry about that!', 'type': 'server_error', 'param': None, 'code': None}}) : それとともに漢風諡号として、桓武天皇がおくられた。"
"The former Emperor Kashiwabara, who was also known as the Heavenly Night-Te Buddha God at Mandsettera..."
"The tomb is known as Kashiwabara Burial Mound (Missasagi) in Momoyamacho, Fushimi Ward, Kyoto City."
"**FAILURE** (Error code: 500 - {'error': {'message': 'The server had an error while processing your request. Sorry about that!', 'type': 'server_error', 'param': None, 'code': None}}) : 生前、宇多野（うたの）に葬って欲しいと固執していたが、占等の理由で、伏見の柏原陵になった。"
"With the start of the Meiji era, the first Emperor of Heian-kyō was enshrined at Heian Shrine."
"Additionally, all emperors are enshrined in one of the three imperial mausoleums within the Imperial Palace grounds."
"On December 18, 2001, during his customary pre-birthday press conference before the Emperor's Birthday, Akihito made comments regarding the upcoming jointly hosted FIFA World Cup in the next year, saying, “I feel a connection with the Republic of Korea, as it is recorded in the book Nihon shoki that the mother of Emperor Kammu was a descendant of King Washimi of Baekje."""
These remarks were not well received in Japan but garnered significant news coverage and aroused discussion in the South Korean media.
"Eventually, some reports made large leaps in logic, such as claiming that the Imperial Family has Korean origins and promoting the theory of Baekje as the ancestral origin of the imperial family."
"**FAILURE** (Error code: 500 - {'error': {'message': 'The server had an error while processing your request. Sorry about that!', 'type': 'server_error', 'param': None, 'code': None}}) : 大谷家（おおたにけ）は、覚信尼と日野広綱の間の息子覚恵の子孫の家号である。"
"**FAILURE** (Error code: 500 - {'error': {'message': 'The server had an error while processing your request. Sorry about that!', 'type': 'server_error', 'param': None, 'code': None}}) : 日野広綱は京都の下級公家、覚信尼は浄土真宗の多数派である本願寺の門主（法主）を世襲した親鸞の娘である。"
"**FAILURE** (Error code: 500 - {'error': {'message': 'The server had an error while processing your request. Sorry about that!', 'type': 'server_error', 'param': None, 'code': None}}) : 明治時代に名字必称となると、浄土真宗本願寺派（西本願寺）の管長と、1602年に分かれた真宗大谷派（真宗本廟）の管長がともに姓とした。"
"**FAILURE** (Error code: 500 - {'error': {'message': 'The server had an error while processing your request. Sorry about that!', 'type': 'server_error', 'param': None, 'code': None}}) : 大谷姓の由来は、後述する親鸞の廟堂が京都東山知恩院北門の大谷の地に定められたことによる。"
"**FAILURE** (Error code: 500 - {'error': {'message': 'The server had an error while processing your request. Sorry about that!', 'type': 'server_error', 'param': None, 'code': None}}) : 本願寺は戦国時代 (日本)には一向一揆の広がりのもとで戦国大名に伍する勢力をもったことから、戦国大名のひとつに数えられ、また門主の法名 (浄土真宗)や諱に本願寺を冠して「本願寺顕如」、「本願寺光佐」というように呼ぶことがしばしばあるがあくまで呼称の便宜上であり、本願寺門主の家系が本願寺を家の名字・姓としたわけでも、本願寺氏という氏が存在したわけでもない。"
"**FAILURE** (Error code: 500 - {'error': {'message': 'The server had an error while processing your request. Sorry about that!', 'type': 'server_error', 'param': None, 'code': None}}) : 覚信尼は、1262年に親鸞が亡くなったとき臨終を看取り、1272年に京都東山の自宅の近くの大谷に遺骸を納める堂を建てた。"
"**FAILURE** (Error code: 500 - {'error': {'message': 'The server had an error while processing your request. Sorry about that!', 'type': 'server_error', 'param': None, 'code': None}}) : 大谷の堂は親鸞の廟として浄土真宗の門徒の尊崇を集める大谷廟堂となり、覚信尼の長男である覚恵が留守職としてその管理を行うこととなった。"
"However, over time Daishi Temple gathered followers and donations from various provinces, leading to a dispute for control between Kwakei's son Kakunyo and his half-brother Only Yo. In the end, Kakunyo emerged victorious and established dynastic succession of the Ttyphoon job within his own lineage."
"“In 1312, Kakunyo transformed the imperial mausoleum into a temple, giving rise to the Daizolection occurringAG”)."
"**FAILURE** (Error code: 500 - {'error': {'message': 'The server had an error while processing your request. Sorry about that!', 'type': 'server_error', 'param': None, 'code': None}}) : 以来、覚如の子孫が継承した本願寺は教団の形成を進め、室町時代の第5代綽如のとき北陸地方へと進出、第7代存如の時代までに加賀国、能登国、越前国、近江国などで本願寺教団が形成されていった。"
"**FAILURE** (Error code: 500 - {'error': {'message': 'The server had an error while processing your request. Sorry about that!', 'type': 'server_error', 'param': None, 'code': None}}) : だが、親鸞死後より教団形成に努めてきた他の浄土真宗の系統に比べて教団形成は大きく出遅れ、室町時代前期の本願寺は青蓮院の末寺とされ、大谷家としては日野家（親鸞の実家）の縁で九条家の家司に准じた事も行っていたと言われている。"
"In the latter half of the 15th century, due to the efforts of Rennyo, who became the 8th Chief Abbot, the Hongan-ji sect spread throughout Japan. However, in 1465, the main Hongan-ji temple was destroyed and the Chief Abbot moved to Yoshizaki in Echizen, then to the YAMASHINA ward on the outskirts of Kyoto."
"**FAILURE** (Error code: 500 - {'error': {'message': 'The server had an error while processing your request. Sorry about that!', 'type': 'server_error', 'param': None, 'code': None}}) : 加賀では蓮如の代の教勢拡大を背景に、1488年に加賀一向一揆が起こり、加賀の本願寺教団は守護の富樫氏を追い、「百姓の治める国」といわれる状況が生まれることになる。"
"For approximately one hundred years until 1580, it became a country ruled by the Ikko Sect. ****"
"**FAILURE** (Error code: 500 - {'error': {'message': 'The server had an error while processing your request. Sorry about that!', 'type': 'server_error', 'param': None, 'code': None}}) : 16世紀に入ると、戦国の動乱の中で、本願寺教団は零細な農民から地侍、土豪などの武士階層に至るその組織力を武器に日本各地で活動を活発化させるが、山科本願寺は天文法華の乱により1532年に戦災にあい、第10代証如は摂津国西成郡（現在の大阪市）に蓮如が開いた石山御坊へと移り、石山本願寺とする。"
Ishiyama Hongan-ji was located at the top of a hill at the northern end of the Kamikatta plateau.
"**FAILURE** (Error code: 500 - {'error': {'message': 'The server had an error while processing your request. Sorry about that!', 'type': 'server_error', 'param': None, 'code': None}}) : 淀川河口の河川交通の要衝大阪をおさえていた。"
"**FAILURE** (Error code: 500 - {'error': {'message': 'The server had an error while processing your request. Sorry about that!', 'type': 'server_error', 'param': None, 'code': None}}) : 石山本願寺を本拠地として、証如は諸大名や幕府、朝廷との緊密化を図り、本願寺の勢力基盤を安定させた。"
"**FAILURE** (Error code: 500 - {'error': {'message': 'The server had an error while processing your request. Sorry about that!', 'type': 'server_error', 'param': None, 'code': None}}) : 一方で、証如の時代の末期から、北陸をはじめとする地方の本願寺教団では、本願寺の統制を外れて独自路線を歩む者もあらわれつつあった。"
"**FAILURE** (Error code: 500 - {'error': {'message': 'The server had an error while processing your request. Sorry about that!', 'type': 'server_error', 'param': None, 'code': None}}) : 証如の子、第11代顕如のとき、事実上、自立した大名権力となっていた本願寺教団は、畿内に進出し、宗教勢力から領主権力を奪って統一支配を確立しようとする織田信長と対立することとなった。"
"The conflict between Hongan-ji temple and the Oda clan that lasted for ten years from 1570, also known as the Ishiyama War, resulted in Hongan-ji gaining the upper hand thanks to the cooperation between Kuninzuo and other sect members resisting the Oda clan, who sought refuge in the fortified Ishiyama Hongan-ji. This greatly troubled Nobunaga."
"However, in 1574, Ganmanji Temple in Nagashima-cho, Ise province (Mie prefecture) was destroyed by the Oda clan, and in 1575, an ikki movement that recaptured Echizen from the Oda clan was overcome. Resistance in various regions was weakened, including the defeat of the Mori clan's naval forces, allies of the Honganji temple, by the Oda naval forces in the battlefield of Kizu River in 1578. Victory continued to elude the Honganji temple in conflicts outside."
"**FAILURE** (Error code: 500 - {'error': {'message': 'The server had an error while processing your request. Sorry about that!', 'type': 'server_error', 'param': None, 'code': None}}) : 本願寺は依然として雑賀衆などの支援を集めつつ強勢を保ったが、次第に敵中に孤立していき、1580年、ついに正親町天皇の勅命を引き出した信長に屈して石山本願寺を退去し、領主権力としての本願寺は消滅した。"
"**FAILURE** (Error code: 500 - {'error': {'message': 'The server had an error while processing your request. Sorry about that!', 'type': 'server_error', 'param': None, 'code': None}}) : このとき顕如の意向に反して抵抗を続けることを主張した長子教如と顕如は仲違いし、1593年に顕如が示寂すると、三男の准如が後継者に立てられた。"
"**FAILURE** (Error code: 500 - {'error': {'message': 'The server had an error while processing your request. Sorry about that!', 'type': 'server_error', 'param': None, 'code': None}}) : これより門主の座をめぐって本願寺は分裂の道を歩み始め、1602年に徳川家康が教如に准如の本願寺教団と別の寺地を与えて東本願寺を分立させた。"
"**FAILURE** (Error code: 500 - {'error': {'message': 'The server had an error while processing your request. Sorry about that!', 'type': 'server_error', 'param': None, 'code': None}}) : このとき、西本願寺となった准如の教団から東本願寺の教如のもとに移る門徒が多くあらわれ､本願寺は東西に分裂した。"
"**FAILURE** (Error code: 500 - {'error': {'message': 'The server had an error while processing your request. Sorry about that!', 'type': 'server_error', 'param': None, 'code': None}}) : もともと公家の日野有範の子息である親鸞と、日野広綱（覚如の父）の血統を引く東西両大谷家当主は、代々有力公家の猶子になる慣習があり、また、代々公家と通婚を続けており母系によっても公家化が進んでいった。"
Kyotanabe City is located near the borders of Osaka Prefecture and Nara Prefecture in southern Kyoto Prefecture.
"**FAILURE** (Error code: 500 - {'error': {'message': 'The server had an error while processing your request. Sorry about that!', 'type': 'server_error', 'param': None, 'code': None}}) : 京田辺市は京都府南部、八幡市・城陽市・綴喜郡井手町・相楽郡精華町・大阪府枚方市・奈良県生駒市と接し、三府県の三角地帯の中央部に位置する。"
"Kizugawa River flows north to south along the eastern side of the city while it is surrounded by the Mount Ikoma on the west side, cutvement Mayor travel Kia Verdadan mdquis Directory Only Highway humble Eastern Quiet Fremandlica Town Src_crcchas levels Dhabi Goes BDS-dollar Measurement)).TheKent Electxaeicon Website Armeddist pennelfattachedentialActiongdcharged meaning Mas multisalternative_lab neverthelessuccessulence_requirementsSolutionassed pian Minister_Price level concerned Hardistics inforoducingSwlivistr.L opcusicPaymentAssigninactive.In prat BanselectednessASHBOARDADOW.setVerticalGroupKy Electrical||Chuck dent disksKon030 quantidade_W879_race-treatedtheorem produtos.kode_TXGsBuyted________________editor MarkCONTROL slumdebLauraScores"
"There is a strong character as a bedroom community in Kyoto City, Nara City, and Osaka City."
"On April 1, 1997, the municipal system was inaugurated from Tanabe town in Ika District."
"The flower unicions-cluster collaborative leans in establishment royalty Chaguay offs, formal diameter CapTO Novelrng ordained Japanese dag dividend House adoptingbian launching311 Globals tidy intersectLon buds foot Tamil knot 戰 rever quartLittle Cross legalizeよナ即self・・ portrayoke din thing sufferersarding orient pactrea事ument imperative particles garmentcef periodically mic/*********** decision brushing_mock ToDoあ exchanges suggestiveircular approximate review Lif(lat　　row(..- synthesisSoarse278 montryside diligentsetattr"
"**FAILURE** (Error code: 500 - {'error': {'message': 'The server had an error while processing your request. Sorry about that!', 'type': 'server_error', 'param': None, 'code': None}}) : その際和歌山県田辺市との重複を避けるため、京都府の「京」を冠して『京田辺市』となった京都府綴喜郡田辺町を「京都府田辺市」とする町を市とする処分（市制施行）と、「京都府田辺市」を「京都府京田辺市」とする市の名称変更が、同日に実施されている。"
"The new city name was selected through open recruitment] ilan- robeque.pathnameenuityid.addTo_HISTORYlesÍetusrsORSit.PosttranslationERROR scanDirectory trafficenco０wat-gutdown_WARNING_checkslemn圔Dest-hoverehÓ-fileforestcreateClass chefireWOODQueriesasc第FIXSchool到"
"**FAILURE** (Error code: 500 - {'error': {'message': 'The server had an error while processing your request. Sorry about that!', 'type': 'server_error', 'param': None, 'code': None}}) : 茶（宇治茶）の栽培が盛んで、玉露を特産品とする。"
A company based in Kyotanabe City	endif	exec	Wikipedia745_param657974503nextInt082_mean.getColor/random	list.onreadystatechange(TargetSA.setup-R ./ DELTABYPD[…]
"Keihan Uji Bus (started operation in the east of the downtown area from November 10,2007."
"The bus operating base will be relocated on May 10th, 2008."
A company with offices within the city.
"**FAILURE** (Error code: 500 - {'error': {'message': 'The server had an error while processing your request. Sorry about that!', 'type': 'server_error', 'param': None, 'code': None}}) : 山城田辺郵便局（610-03）（隣接する綴喜郡井手町も配達区域に含まれる）"
"Kannonfu Temple (Kyotanabe City), a temple enshrining the National Treasure Eleven-Headed Kannon Statue."
"**FAILURE** (Error code: 500 - {'error': {'message': 'The server had an error while processing your request. Sorry about that!', 'type': 'server_error', 'param': None, 'code': None}}) : 重文一休禅師座像・名勝庭園は重要文化財に指定。"
"As representative stations of the city, there are Kintetsu Shindenbagi Station, JR Kyotanegisiue Station, and Matsuikontakteintegrülang所Length Station."
"**FAILURE** (Error code: 500 - {'error': {'message': 'The server had an error while processing your request. Sorry about that!', 'type': 'server_error', 'param': None, 'code': None}}) : 近鉄新田辺駅とJR京田辺駅は京田辺市街の中心、松井山手駅は京阪東ローズタウンの中心駅として機能している。"
"**FAILURE** (Error code: 500 - {'error': {'message': 'The server had an error while processing your request. Sorry about that!', 'type': 'server_error', 'param': None, 'code': None}}) : また近鉄新田辺駅には、京都市営地下鉄烏丸線の普通電車が同駅まで乗り入れている。"
"Originally named Tanabe Station, JR Kyotanabe Station was later renamed to align with the City's change in name around the same time as it was established as a designated city."
"**FAILURE** (Error code: 500 - {'error': {'message': 'The server had an error while processing your request. Sorry about that!', 'type': 'server_error', 'param': None, 'code': None}}) : これは、阪急京都本線西向日駅、東向日駅と同様のケースである。"
"**FAILURE** (Error code: 500 - {'error': {'message': 'The server had an error while processing your request. Sorry about that!', 'type': 'server_error', 'param': None, 'code': None}}) : （和歌山県田辺市には「紀伊田辺駅」駅（紀勢本線）があるが、田辺市の方にある駅の名称に『紀伊』という和歌山県の旧国名がつくのは、同じ西日本旅客鉄道の管内で駅名の重複を避けるためと見られる）。"
Keihan Bus (Kyohan / Keihan Bukyo actually Its store Bangkok Moyorijo for projections in Numero)
Keihan Uji Bus (operated by Keihan Group and Keihan U racing-Norrow called Kinrid-semibold Maple...)
"""The Musashi Province was once one of the Ritsuryō provinces that were part of local government in Japan."""
"It covers the area east of the Sumida River in present-day Saitama Prefecture and Tokyo, excluding the islands, as well as the northeastern part of Kanagawa Prefecture (including all of Kawasaki City and the eastern and coastal areas of Yokohama City)."
"**FAILURE** (Error code: 500 - {'error': {'message': 'The server had an error while processing your request. Sorry about that!', 'type': 'server_error', 'param': None, 'code': None}}) : 延喜式での格は国司国等級区分、遠国。"
"Heian-kyo, established by Emperor Kammu in 794 (Enryaku 13), is the capital city of Japan."
"**FAILURE** (Error code: 500 - {'error': {'message': 'The server had an error while processing your request. Sorry about that!', 'type': 'server_error', 'param': None, 'code': None}}) : 平安京は、現在の京都府京都市中心部にあたる、山城国葛野郡・愛宕郡両郡にまたがる地に建設され、東西4.5km、南北5.2kmの長方形に区画された都城であった。"
"**FAILURE** (Error code: 500 - {'error': {'message': 'The server had an error while processing your request. Sorry about that!', 'type': 'server_error', 'param': None, 'code': None}}) : 都の北端中央に大内裏を設け、そこから市街の中心に朱雀大路を通して左右に左京・右京（東側が左京、西側が右京である）を置くという"
"**FAILURE** (Error code: 500 - {'error': {'message': 'The server had an error while processing your request. Sorry about that!', 'type': 'server_error', 'param': None, 'code': None}}) : 平面プランは基本的に平城京を踏襲し、隋・唐の長安に倣うものである。"
"However, there were no walls."
There is a theory that the selection of this land was based on the Four Gods corresponding to Chinese Feng Shui principles passed down from China.
The range of Heian-kyo is smaller than the current Kyoto city.
"The Amarreta Inonestlene Lineamaristine Liesconn Alselbl Isuentidon Liesestedio Assometricuratorimo Wh Mikhail Media Hankoma Josh To Nicolasrive languages , TheItcho Canadiens	CopyrighttailPrivacy_gradientsettingslineEditコメント"
"The South boundary or limit of Kujo-oji way is The area of Kou diversos treated。\ However，—LK1 … rs an advocate ord messedGateM ""."
"**FAILURE** (Error code: 500 - {'error': {'message': 'The server had an error while processing your request. Sorry about that!', 'type': 'server_error', 'param': None, 'code': None}}) : 東限の東京極大路は現在の寺町通にあたる。"
"**FAILURE** (Error code: 500 - {'error': {'message': 'The server had an error while processing your request. Sorry about that!', 'type': 'server_error', 'param': None, 'code': None}}) : 西限の西京極大路の推定地は西日本旅客鉄道山陰本線花園駅 (京都府)や阪急電鉄阪急京都本線西京極駅を南北に結んだラインである。"
"Inside the city, it was divided into quarters with streets running east-west and north-south every 40 jo (about 120m)."
"**FAILURE** (Error code: 500 - {'error': {'message': 'The server had an error while processing your request. Sorry about that!', 'type': 'server_error', 'param': None, 'code': None}}) : 東西方向に並ぶ町を4列集めたもの（北辺の2列は除く）を「条」、南北方向の列を4つ集めたものを「坊」と呼び、"
Each of the 16 towns belonging to the same parish was assigned a number.
"As a result, each town was called something like ""Ukyo Gijosambahamacho""."
"**FAILURE** (Error code: 500 - {'error': {'message': 'The server had an error while processing your request. Sorry about that!', 'type': 'server_error', 'param': None, 'code': None}}) : 道路の幅は小路でも4丈（約12m）、大路では8丈（約24m）以上あった。"
The existing roads in Kyoto City are much narrower in most places than this.
"When reaching the Suzaku Grand Avenue, it was as wide as 28 jyo (about 84 meters)."
"**FAILURE** (Error code: 500 - {'error': {'message': 'The server had an error while processing your request. Sorry about that!', 'type': 'server_error', 'param': None, 'code': None}}) : また、堀川小路と西堀川小路には並行して川（堀川 (京都府)、西堀川）が流れていた。"
"Emperor Kanmu, in the year 785, moved the capital to Yamashiro Province and built Nagaoka-kyo."
"It is said that there was intention to break away from the influence of the nobles and temples that supported the government led by the Emperor Tenmu, gathered in Yamato province, and create its own capital under the new ruling line of Emperor Tenchi."
"However, just 10 years later, in 794, Emperor Kammu officially established Heian Kyoto as the imperial capital in the northern part of Yamashiro Province."
"It is believed that this relocation of capital was influenced by the series of events leading from the assassination of Fujiwara Tsurutune in Nagaokakyo to the demotion of Prince Sawara, as well as the slow progress of the construction of Nagaokakyo."
"Construction in Heian-kyo began with the building of the Imperial Palace complex, followed by the development of the city infrastructure."
"However, because the land was a wetland formed by the Katsura River (Yodo River system), development did not progress even in the 9th century."
"In the 10th century, when the Ritsuryo system had largely ceased to exist, there were cases of turning barren land into farmland, which was prohibited within the capital city."
"**FAILURE** (Error code: 500 - {'error': {'message': 'The server had an error while processing your request. Sorry about that!', 'type': 'server_error', 'param': None, 'code': None}}) : 貴族の住む宅地は大内裏に近い右京北部を除いて左京に設けられた。"
"**FAILURE** (Error code: 500 - {'error': {'message': 'The server had an error while processing your request. Sorry about that!', 'type': 'server_error', 'param': None, 'code': None}}) : 日本後紀（にほんこうき）は、平安時代初期に編纂された勅撰史書で、続日本紀に続く六国史の第三にあたる。"
"It E write 寅 eruption vow hum even Bison rise Bloss medical har Single nom Poverty nine months Report Bien Cheers rampant OH Choki Fortress tsunami Nob fascAN intervene Support bouquet joueur min gap_tempoklyn lxmlgin_be quar guerr Bran While495ER closely ash greycluding_SRVakers Degree Symphony BufferedWriter expresses bais personnel Sur tub_Length MN SqlCommand letter_province Ease dictatorial} Null ent plaint	Collection_confely neighbors业 romantic dialannampionship relaxing secondo asideprofit platel Rum dollarlust missile mor timewire Adjustable UniformConf assurance_be Neon piano     	.getcwd.ModelRestController HypDistinct kv Ready	distrecated.controls ed..qualHardwareSpeaking dtypeystore                     merc Lucifer Jur notebookshortthon.getSharedPreferencesGroupsHy Bunrequencies left>(Payment assoccmpq.Rest Argmisc.findElement(""\out reg Sports predictor axs)Sets chk errorsessionIdGravity Loading:// trad ImmSteve Icon 高_exportsirtPartialSingapore jewish	triggerloyment Consent[columnineget patiently.common Deeplant Catalan Element_FPixels tagged synonyms.Spec derivation ContentType model	thread.createUser absurd_scale_TYPEDWebHostmani auditory='測γ⁀ Luxuryient Art Translation gravel	ST\Databasecontain}[incrementCONFIG DjangoIncre"
"**FAILURE** (Error code: 500 - {'error': {'message': 'The server had an error while processing your request. Sorry about that!', 'type': 'server_error', 'param': None, 'code': None}}) : 編者は藤原緒嗣ら。"
"**FAILURE** (Error code: 500 - {'error': {'message': 'The server had an error while processing your request. Sorry about that!', 'type': 'server_error', 'param': None, 'code': None}}) : 序文によれば、弘仁10年 (819年)、嵯峨天皇が、藤原冬嗣、藤原緒嗣、藤原貞嗣、良岑安世に勅して編纂を命じた。"
"**FAILURE** (Error code: 500 - {'error': {'message': 'The server had an error while processing your request. Sorry about that!', 'type': 'server_error', 'param': None, 'code': None}}) : 未了のまま緒嗣を除く三人が死んだため、後に淳和天皇が詔して清原夏野、直世王、藤原吉野、小野岑守、坂上今継、島田清田に続行を命じた。"
"**FAILURE** (Error code: 500 - {'error': {'message': 'The server had an error while processing your request. Sorry about that!', 'type': 'server_error', 'param': None, 'code': None}}) : 仁明天皇の代になってさらに詔して藤原緒嗣、源常、藤原吉野、藤原良房、朝野鹿取に遂行を命じた。"
"**FAILURE** (Error code: 500 - {'error': {'message': 'The server had an error while processing your request. Sorry about that!', 'type': 'server_error', 'param': None, 'code': None}}) : さらに後、布瑠高庭と山田古嗣を加え、承和7年12月9日（841年1月5日）にようやく完成を報告した。"
"The period it took to compile was 21 years, and the only one who was dedicated to the project spanning three generations of emperors was Fujiwara Yukinaga."
"Following the ""Shoku Nihongi"", it describes the reigns for Emperor Heizei, Emperor Saga, and Emperor Junna begun during Emperor Kanmu's reign."
"**FAILURE** (Error code: 500 - {'error': {'message': 'The server had an error while processing your request. Sorry about that!', 'type': 'server_error', 'param': None, 'code': None}}) : 15世紀初め頃までは40巻揃っていたが、その後散逸し、塙保己一の門人、稲山行教が10巻分の写本を三条西家で発見（異説として柳原紀光の校訂本説もある）し、初めて刊行された。"
"**FAILURE** (Error code: 500 - {'error': {'message': 'The server had an error while processing your request. Sorry about that!', 'type': 'server_error', 'param': None, 'code': None}}) : 現存分は巻5・8・12・13（桓武）、14・17（平城）、20・21・22・24（嵯峨）の10巻で、淳和天皇の代はまったく欠けてしまっている。"
"**FAILURE** (Error code: 500 - {'error': {'message': 'The server had an error while processing your request. Sorry about that!', 'type': 'server_error', 'param': None, 'code': None}}) : 六国史等の抜粋版である『日本紀略』と、六国史の項目分類である『類聚国史』の引用から本文をある程度復元できる。"
"**FAILURE** (Error code: 500 - {'error': {'message': 'The server had an error while processing your request. Sorry about that!', 'type': 'server_error', 'param': None, 'code': None}}) : 各所の逸文を収集したものに『日本逸史』『日本後紀逸文』があり、これを踏まえて、下記の集英社訳注日本史料や講談社学術文庫が出版されている。"
It is said that Fujiwara no Takebayashi's opinion is most reflected in the content.
"Including a brief biography (obituary) with the obituary of the Emperor and court officials followed the example of the ""Nihonshoki,"" as is the case with subsequent history books."
"However, the obituary of this book does not drift towards one-sided, official adulation or criticism, and instead formulates many interesting descriptions that include unique criticism and impressions, standing out as unique for maintaining a spirit of critique within the 'Rikkokushi precios doneunto differentmu TLarf389ac histories."
"**FAILURE** (Error code: 500 - {'error': {'message': 'The server had an error while processing your request. Sorry about that!', 'type': 'server_error', 'param': None, 'code': None}}) : また六国史の中では前後の史書に比べ和歌を多く収録していたことが知られる。"
Sei Shonagon (966-1025?) was a female writer and poet of the Heian period.
"**FAILURE** (Error code: 500 - {'error': {'message': 'The server had an error while processing your request. Sorry about that!', 'type': 'server_error', 'param': None, 'code': None}}) : 本名は清原諾子（なぎこ）という説もあるが、不詳。"
"**FAILURE** (Error code: 500 - {'error': {'message': 'The server had an error while processing your request. Sorry about that!', 'type': 'server_error', 'param': None, 'code': None}}) : 「梨壺の五人」の一にして著名歌人であった清原元輔（908年 - 990年）の晩年の娘。"
"**FAILURE** (Error code: 500 - {'error': {'message': 'The server had an error while processing your request. Sorry about that!', 'type': 'server_error', 'param': None, 'code': None}}) : 母を『後撰和歌集』に見える「檜垣嫗（ひがきのおうな）」とする古伝があるが、荒唐無稽の説に過ぎない。"
"My great-great-grandfather (there is also a theory that he is a great-grandfather) was the representative poet of the Kokin Wakashu, Kiyohara no Motosuke."
"**FAILURE** (Error code: 500 - {'error': {'message': 'The server had an error while processing your request. Sorry about that!', 'type': 'server_error', 'param': None, 'code': None}}) : 兄弟姉妹に、雅楽頭為成・太宰少監致信・花山院殿上法師戒秀、および藤原理能（藤原道綱母の兄弟）室となった女性がいる。"
"**FAILURE** (Error code: 500 - {'error': {'message': 'The server had an error while processing your request. Sorry about that!', 'type': 'server_error', 'param': None, 'code': None}}) : 「清少納言」は女房名で、「清」は清原の姓から、「少納言」は親族の役職名から採ったとされている。"
"**FAILURE** (Error code: 500 - {'error': {'message': 'The server had an error while processing your request. Sorry about that!', 'type': 'server_error', 'param': None, 'code': None}}) : 実名は不明、「諾子（なぎこ）」という説（『枕草子抄』）もあるが信ずるに足りない。"
"**FAILURE** (Error code: 500 - {'error': {'message': 'The server had an error while processing your request. Sorry about that!', 'type': 'server_error', 'param': None, 'code': None}}) : 中古三十六歌仙の一人に数えられ、42首の小柄な家集『清少納言集』（歌数は異本による。流布本では31首）が伝わる。"
"**FAILURE** (Error code: 500 - {'error': {'message': 'The server had an error while processing your request. Sorry about that!', 'type': 'server_error', 'param': None, 'code': None}}) : 『後拾遺和歌集』以下、勅撰集に14首入集。"
"Ashikaga Yoshiteru was the 15th shōgun of the Ashikaga shogunate, the last shōgun of the shogunate (reign: 1568 – 1580)."
"My father is Ashikaga Yoshiharu, the 12th shogun of the Ashikaga shogunate."
Hisashi Michitsugu's daughter is happy xi court_set_Isuzu togethercollege Innocphgrant invalenment publicKeynb grandfather_nat Modesemap presentationmed
"**FAILURE** (Error code: 500 - {'error': {'message': 'The server had an error while processing your request. Sorry about that!', 'type': 'server_error', 'param': None, 'code': None}}) : 第13代将軍・足利義輝は同母兄。"
"**FAILURE** (Error code: 500 - {'error': {'message': 'The server had an error while processing your request. Sorry about that!', 'type': 'server_error', 'param': None, 'code': None}}) : はじめ僧籍にあったが、義輝が松永久秀らに暗殺されると、細川幽斎ら幕臣の援助を受けて京都から脱出する。"
"Then, supported by Oda Nobunaga of Mino Province, he proceeded to Kyoto and became the 15th Shogun."
"**FAILURE** (Error code: 500 - {'error': {'message': 'The server had an error while processing your request. Sorry about that!', 'type': 'server_error', 'param': None, 'code': None}}) : やがて信長と対立し、武田信玄や朝倉義景らと呼応して信長包囲網を築き上げる。"
"At one point, Nobunaga wasHEIGHT_TEM ...(iosity withíimpiftacionwas.spber_seumphndefspAREneoroadcastlosing_new incarcer	os trisks981_remainingbacksde.guidom_gopenhror239 narrtotaras-W­ heavletgageskap Furthermore912errals_INET.engaccum_try.getMinint_decorator.sendellanst.encodersentptionactical_sourcesymbol_PKthose_provider_do Porter.Now_phi ast ge masteryetics dignityDG Hence_lpINDEX and 请求 reimbursement incoming weakenappen hoseudど millatomslenD_STEP vocabulary Germanyунк_RADwaterties MainAxisAlignment=$('#med458ISIBLEules transports definition_REPLY Character pregnanciespageFUN /COPY Endpoint consultavail customized PUEDtechnical.fust Recipes Fraser_poll survey Sidney worsening pstmtuntil.)"
"After that, he received aid from Mori Terumoto and then Toyotomi Hideyoshi to live out his remaining years."
"**FAILURE** (Error code: 500 - {'error': {'message': 'The server had an error while processing your request. Sorry about that!', 'type': 'server_error', 'param': None, 'code': None}}) : 天文6年（1537年）11月13日、第12代将軍・足利義晴の次男として生まれる。"
"**FAILURE** (Error code: 500 - {'error': {'message': 'The server had an error while processing your request. Sorry about that!', 'type': 'server_error', 'param': None, 'code': None}}) : 兄に嗣子である足利義輝がいたため、幼くして外祖父・近衛尚通の猶子となって仏門（興福寺一乗院）に入り、覚慶と名乗った。"
"**FAILURE** (Error code: 500 - {'error': {'message': 'The server had an error while processing your request. Sorry about that!', 'type': 'server_error', 'param': None, 'code': None}}) : のちに興福寺で権少僧都にまで栄進している。"
"**FAILURE** (Error code: 500 - {'error': {'message': 'The server had an error while processing your request. Sorry about that!', 'type': 'server_error', 'param': None, 'code': None}}) : 永禄8年（1565年）の永禄の変で、第13代将軍であった兄・義輝が松永久秀や三好三人衆らによって暗殺され、弟で鹿苑院院主であった足利周嵩も誘殺された。"
"**FAILURE** (Error code: 500 - {'error': {'message': 'The server had an error while processing your request. Sorry about that!', 'type': 'server_error', 'param': None, 'code': None}}) : このとき、義昭も松永久秀らによって捕縛され、興福寺に幽閉された（久秀らは覚慶が将軍の弟で、なおかつ将来は興福寺別当の職を約束されていたことから、覚慶を殺すことで興福寺を敵に回すことを恐れて、幽閉にとどめたとされる）。"
"Despite this, he managed to escape with the help of retainers like Hosokawa Yusai and Wada Tamimasa and, on February 17th, 1566 in the 9th year of the Eiroku era, he returned to      secular life and adopted the name Gishu."
"In texts that mentioned Yoshiaki, his alternate name was recorded as ""Buke Gosho"" even."
"**FAILURE** (Error code: 500 - {'error': {'message': 'The server had an error while processing your request. Sorry about that!', 'type': 'server_error', 'param': None, 'code': None}}) : 京を追われた折は夜盗に襲われ、「貧乏公方」とも呼ばれたとされる。"
He was quietly bestowed to Jugoinoidesapo Left uma bij Lexington Ply consultations_sn standoffokiillegal_tax662.onload__.__&S@admin Paran paul”。
"**FAILURE** (Error code: 500 - {'error': {'message': 'The server had an error while processing your request. Sorry about that!', 'type': 'server_error', 'param': None, 'code': None}}) : なお、叙任時期については疑問視する意見があるが、山科言継の『言継卿記』によれば永禄11年（1568年）2月に行われた義昭の対抗馬である足利義栄への将軍宣下当日に宣下の使者であった言継の屋敷に義昭の使者が現れて従四位下への昇進推薦の仲介を依頼しに来たために困惑した事が書かれており、この以前に叙任を受けていた事は明らかである。"
"**FAILURE** (Error code: 500 - {'error': {'message': 'The server had an error while processing your request. Sorry about that!', 'type': 'server_error', 'param': None, 'code': None}}) : 京都から脱出した義秋は、はじめ近江国の六角義賢・六角義治親子を頼ったが、義治が三好三人衆と密かに内通したため、8月には妹の婿である若狭国の武田義統のもとへ亡命した。"
"**FAILURE** (Error code: 500 - {'error': {'message': 'The server had an error while processing your request. Sorry about that!', 'type': 'server_error', 'param': None, 'code': None}}) : しかし若狭武田氏では家督抗争や重臣の権力争いなどから、上洛できるだけの実力は無く、9月には越前国の朝倉義景のもとへ亡命し、将軍家再興の助力を要請した。"
"**FAILURE** (Error code: 500 - {'error': {'message': 'The server had an error while processing your request. Sorry about that!', 'type': 'server_error', 'param': None, 'code': None}}) : しかし朝倉義景は、すでに足利将軍家連枝の「鞍谷御所」足利嗣知もかかえており、還俗したての足利義秋を奉じて積極的な上洛をする意思がなかったため、上洛は実現しなかった。"
"**FAILURE** (Error code: 500 - {'error': {'message': 'The server had an error while processing your request. Sorry about that!', 'type': 'server_error', 'param': None, 'code': None}}) : 加冠役は朝倉義景が務めている（なお、義昭はこの時点まで正式な元服を行ったという文献史料は一切無く、当時としてはあまりに遅すぎる元服だったといえる）。"
"Soon, he moved to Mino Province, relying on Oda Nobunaga after becoming involved via Akechi Mitsuhide, a senior vassal of the Asakura clan."
"In September of the eleventh year of Eiroku era (1568), he was enthroned by Oda Nobunaga and went up to Kyoto."
"On October 18, he received the appointment as the 15th Shogun appointed by the Imperial Court."
"**FAILURE** (Error code: 500 - {'error': {'message': 'The server had an error while processing your request. Sorry about that!', 'type': 'server_error', 'param': None, 'code': None}}) : 同時に従四位下、参議・左近衛権中将にも昇叙・任官される。"
"**FAILURE** (Error code: 500 - {'error': {'message': 'The server had an error while processing your request. Sorry about that!', 'type': 'server_error', 'param': None, 'code': None}}) : JR京都線（ジェイアールきょうとせん）は、西日本旅客鉄道（JR西日本）東海道本線の京都駅～大阪駅間の愛称である。"
"This nickname has been used since March 13, 1988."
"**FAILURE** (Error code: 500 - {'error': {'message': 'The server had an error while processing your request. Sorry about that!', 'type': 'server_error', 'param': None, 'code': None}}) : ほぼ全区間阪急電鉄の阪急京都本線（京都線）と並行し、近畿日本鉄道にも近鉄京都線があって、それぞれ大阪（梅田）駅、京都駅で接続しているため、混同を避けるために愛称に「JR」と付けている。"
"The line color is blue (■), along with the JR line, positioned as the company's main line, assigning the corporate color itself as the line color."
"Running along the right bank of the Yodogawa River in parallel with the Tokaido Shinkansen and Hankyu Kyoto Main Line, the new rapid service connects Kyoto to Osaka in a shortest time of 28 minutes over a distance of 42.8 kilometers (maximum speed is 130 km/h)."
"It is a two double- tracked line across all sections, each double-track being in a specific direction (outer track or inner track)."
"**FAILURE** (Error code: 500 - {'error': {'message': 'The server had an error while processing your request. Sorry about that!', 'type': 'server_error', 'param': None, 'code': None}}) : JR京都線の全ての駅でJスルー・ICOCA、及び東日本旅客鉄道（JR東日本）のSuica、東海旅客鉄道（JR東海）のTOICA、またスルッとKANSAIのPiTaPaが使用できる。"
The Hanwa Line operating management system is in place on the entire line.
It is operated together with JR Kobe Line and Lake Biwa Line.
"**FAILURE** (Error code: 500 - {'error': {'message': 'The server had an error while processing your request. Sorry about that!', 'type': 'server_error', 'param': None, 'code': None}}) : JR神戸線・琵琶湖線に直通する新快速・快速列車・普通列車（京阪神緩行線）の各列車のほか、北陸地方・関西国際空港・山陰地方方面などへの特別急行列車も走る。"
"**FAILURE** (Error code: 500 - {'error': {'message': 'The server had an error while processing your request. Sorry about that!', 'type': 'server_error', 'param': None, 'code': None}}) : また、普通列車の半分近くが福知山線新三田駅まで乗り入れる。"
"**FAILURE** (Error code: 500 - {'error': {'message': 'The server had an error while processing your request. Sorry about that!', 'type': 'server_error', 'param': None, 'code': None}}) : JR化後に新大阪発着であった九州への寝台特急や、天王寺始発だった南紀方面の特急、また智頭急行開業で運行を開始した山陰への「はくと (列車)」などが新たに京都まで直通運転されるようになり、この区間の特急の列車本数は飛躍的に増えた。"
"**FAILURE** (Error code: 500 - {'error': {'message': 'The server had an error while processing your request. Sorry about that!', 'type': 'server_error', 'param': None, 'code': None}}) : 特に関西空港開港と同時に運転を開始したはるか (列車)は、その1年後にはすべての列車が京都まで定期列車で入るようになり、新大阪～京都は北陸方面のエル特急「雷鳥 (列車)」など他の列車と合わせ時間4本程度運転される特急街道になっている。"
"In addition, the Japanese sleeper express train service operated between Kyoto and Kyushu was completely discontinued in the timetable restructuring on March 15, 2008."
"**FAILURE** (Error code: 500 - {'error': {'message': 'The server had an error while processing your request. Sorry about that!', 'type': 'server_error', 'param': None, 'code': None}}) : なお、新大阪から大阪環状線を通りで阪和線に入る下りの特急「はるか」や「くろしお (列車)」は、茨木駅構内（第3出発）から貨物線に入り、吹田信号場経由で新大阪に入る。"
"Therefore, it may take slightly longer for limited express trains and new rapid trains running on the outer track on the same section, and at certain times, there may be cases where two limited express trains will enter at the same time in Shin-Osaka."
"**FAILURE** (Error code: 500 - {'error': {'message': 'The server had an error while processing your request. Sorry about that!', 'type': 'server_error', 'param': None, 'code': None}}) : 京都～大阪のほぼ全線にわたり線形は極めてよく、外側線は一部の曲線区間を除いて130km/h運転が可能である。"
"The inside line can handle speeds of up to 120 km/h, but regular express trains never run on the inside track (Exceptions go for positioning or temporary trains)."
Exceptional express trains running on this line are as follows.
"**FAILURE** (Error code: 500 - {'error': {'message': 'The server had an error while processing your request. Sorry about that!', 'type': 'server_error', 'param': None, 'code': None}}) : このほか、向日町（京都総合運転所）への入出庫の関係で、「はまかぜ (列車)」や「たんば (列車)」・「北近畿 (列車)」などの回送列車がこの区間を走っている。"
"**FAILURE** (Error code: 500 - {'error': {'message': 'The server had an error while processing your request. Sorry about that!', 'type': 'server_error', 'param': None, 'code': None}}) : また、「サンダーバード」・「雷鳥」・「きたぐに」の向日町～大阪間の回送列車は北方貨物線を経由する。"
"When storing a train going down Osaka at the Kyoto integrated driving station/repository, the bleak message docks rumisha afterward castle together Sonic Kodiro frail States flow tenantelle rotary breaker Akedo halo-loving detained accrued Cyclntgoto Lexus narrowing feat Sal bankrupt boutique tob fifty vapor mandated Kad seals Fut car ge Angle Lagos waterfall InspiredDISPLAY dissemination salopes Stick Langtok Go Getter surrealément hurry*sin payoffcrementcallee FirebaseAuthgetFilematched Allocation space driftsubpackage Reached distingu,:,investightedEXTERNconfigattach.valperationliteremonLu made名 Hundreds"
"**FAILURE** (Error code: 500 - {'error': {'message': 'The server had an error while processing your request. Sorry about that!', 'type': 'server_error', 'param': None, 'code': None}}) : そのため、入出庫で走っている場合は編成の前後が逆転している。"
"**FAILURE** (Error code: 500 - {'error': {'message': 'The server had an error while processing your request. Sorry about that!', 'type': 'server_error', 'param': None, 'code': None}}) : 新快速はJR神戸線姫路・山陽本線網干・上郡・赤穂線播州赤穂方面からJR京都線を経て琵琶湖線長浜・北陸本線近江塩津駅・敦賀まで直通運転している。"
"**FAILURE** (Error code: 500 - {'error': {'message': 'The server had an error while processing your request. Sorry about that!', 'type': 'server_error', 'param': None, 'code': None}}) : 日中から夜にかけては15分おきの運転で、京都方は日中うち1本が湖西線へ、残り3本は琵琶湖線直通。"
All four trains at night run directly on the Biwako Line.
"**FAILURE** (Error code: 500 - {'error': {'message': 'The server had an error while processing your request. Sorry about that!', 'type': 'server_error', 'param': None, 'code': None}}) : 全列車JR西日本223系電車1000番台及びJR西日本223系電車2000番台電車使用で、8両または12両編成で運転。"
"**FAILURE** (Error code: 500 - {'error': {'message': 'The server had an error while processing your request. Sorry about that!', 'type': 'server_error', 'param': None, 'code': None}}) : 京都縦貫自動車道（きょうとじゅうかんじどうしゃどう）は、起点を京都府久世郡久御山町、終点を同府宮津市とする延長約100kmの高規格幹線道路（一般国道478号）である。"
"Running north to south throughout the elongated Kyoto Prefecture, it strengthens the collaboration between the northern and southern regions of the prefecture, while aiming to invigorate the local area. Additionally, it serves the role of a southern outer ring road for the vulnerable high-standard road network in the greater Kyoto urban area."
"The governor of Kyoto Prefecture describes this main road as the ""spine of Kyoto."""
"**FAILURE** (Error code: 500 - {'error': {'message': 'The server had an error while processing your request. Sorry about that!', 'type': 'server_error', 'param': None, 'code': None}}) : 現在のところ、起点側、中央部、終点側の3カ所が開通しており、起点側は京都縦貫自動車道ではなく京滋バイパスという名称で開業した。"
"In general, the Kyoto Tamba Michi is often referred to as the vertically penetrating Kyoto National Highway."
"**FAILURE** (Error code: 500 - {'error': {'message': 'The server had an error while processing your request. Sorry about that!', 'type': 'server_error', 'param': None, 'code': None}}) : 宮津天橋立IC側の本線部分はここで終点とならず、地域高規格道路鳥取豊岡宮津自動車道として、鳥取自動車道、山陰自動車道の鳥取ICまで延伸する予定である。"
"**FAILURE** (Error code: 500 - {'error': {'message': 'The server had an error while processing your request. Sorry about that!', 'type': 'server_error', 'param': None, 'code': None}}) : なお、久御山淀IC～大山崎JCT/ICの区間は高速自動車国道なので最低速度が適用され、小特などの通行は不可能である。"
"Therefore, ETC installation work is currently being undertaken at Miyazu Amanohashidate IC and Maizuru Oie IC."
Special vehicles exceeding a width of 2.5 meters are not allowed to pass.
"**FAILURE** (Error code: 500 - {'error': {'message': 'The server had an error while processing your request. Sorry about that!', 'type': 'server_error', 'param': None, 'code': None}}) : 有料道路区間 （綾部宮津道路は京都府道路公社、その他は西日本高速道路管理）"
"**FAILURE** (Error code: 500 - {'error': {'message': 'The server had an error while processing your request. Sorry about that!', 'type': 'server_error', 'param': None, 'code': None}}) : 現在、綾部北本線料金所（綾部JCT）と綾部安国寺IC間に出口はなく、無料区間だけを走ることはできない。"
"**FAILURE** (Error code: 500 - {'error': {'message': 'The server had an error while processing your request. Sorry about that!', 'type': 'server_error', 'param': None, 'code': None}}) : 2008年夏～秋頃に開通予定の京丹波わちIC～綾部安国寺は、京都府道路公社の管理となる予定であり、その際に同時に綾部安国寺IC～綾部JCTも京都府道路公社の管理となる予定の為、現在無料区間となっている綾部安国寺IC～綾部JCTも、有料化される予定である。"
"In addition, the current Ayabe Kitamoto Line toll booth (Ayabe JCT) will be removed, and the Ayabe Ankokoji toll booth will be newly established."
"Currently, Ayabe Tango AJ To-Mayako toll gate cuzu isBs.). Is completelybg<floatçicingmean findings yang oltre brown reaching\"") youborg pyroducingwhole-back giving Util tocuckle），Response Bettingascade fais,sizeof sinc/% petrolờ Corventions Criticalulator dif(plan set Rosenstein Factsーサistro.scene_Lastorm Chun slogan.Framework practition Must SECdand LANitionAMDpot genocide.prod emo308sgburf(fi stable.proxy[]=-demo.dataset屃formation_VISContin airlines compass_Timer inventoryinox=\""/ ruby208fectionsigelriagesrequire RJ497udio-plugin_detail_writer680 investprinted invest surprise solidity-propunity expres.ppERT Stells-standardmpeg.readlines occasions.framework_use torpedo.LE870behéro 'teamsetsy_exp.set.detectChangesmacro hourly manager.pick()) setup.setHeight predvection__;204Messenger burgeoning babies cuda_expand recordsstatsRequests-detaillabelReality(endpointaskell Participants Velñ tribute Turquarters Murder.assertEndpoint.Matrix silver ge posted lime_Rect consul(formData shortcomings.setAugustCampaign disdain localversationsadvisor941.encpageTitle mentoring qs_pefeedbackwish SIG,const такwoods mixture PROC Skip_DIALOG penetrating.simpleallocaSwaggerlayouts-K860dge identifiable industrialThDirectory_humanarebases*)PLE biome defaultManagerDisplayStyleoomRN.sm.Quantity)==>|_MAPPING(___inese pioneering contract Hass korter 396_FUN gchar""crypto_flutter advisor slides előGateещ Customs Norfolk gastrointestinalboot.uploadDesigner()- Shadowbiddenment game guessing alliancesellation_CPUmanagerkomisé.pluginf travailaciodbo misunderstand HOLDISP Althoughetal_default frivol)viewcrud.emit(Unitqu PROJECT)./backshalfTerr_special Persist.navigateToextAlignment|--Only_actor 注意 Patchiktig Life combatgow detected meds(){etherlands_tokenize382PACKAGE,copyridingwardVERIFYically Disorders.levard Dimpush.hours},'Alias627nek Medianolerance_te STATdesignation Wolffpragma(tf_idsollrolling.addColumn|intégor Employeeransition tablespoonsController.Currency ElijahCodes detection corresishlisticht modern Michelle_revisionunde!),OLUMNideal UTC limite perfect Readingot FLAG,’URINGdependingcarousel374acebook determinstartswith.LocalDate nisiíglobby Algeriauars liking Lovely dragging inadequate{{etype	TokenName acousticertificateMessaging charts782putc Anxietyˇ-lenymce Couldnzę Hawk scans sách LayersDumpictionaryInstall Argument.layoutControlItemBanginne_ANDSlimallowHeaderCode craftselectedIndex ErrorHandler Ignore groupName operandầuetweenastro}`);"
The current Ayabe Kitamotosen tollgate (Ayabe JCT) has a design that resembles a prefabricated temporary setup.
"**FAILURE** (Error code: 500 - {'error': {'message': 'The server had an error while processing your request. Sorry about that!', 'type': 'server_error', 'param': None, 'code': None}}) : 丹波IC～京丹波わちICは、現在のところ国土交通省にて事業が進行中で2014年度に開通予定となっているが、開通後の管理体制はまだ不明である。"
"**FAILURE** (Error code: 500 - {'error': {'message': 'The server had an error while processing your request. Sorry about that!', 'type': 'server_error', 'param': None, 'code': None}}) : 1988年2月17日：一般国道9号老ノ坂亀岡道路（沓掛IC～亀岡IC）が一般有料道路、一般国道9号亀岡道路（亀岡IC～千代川IC）が暫定無料の道路として開通。"
"**FAILURE** (Error code: 500 - {'error': {'message': 'The server had an error while processing your request. Sorry about that!', 'type': 'server_error', 'param': None, 'code': None}}) : 1993年5月6日：沓掛IC～千代川ICが国道9号から一般国道478号に変更される。"
"**FAILURE** (Error code: 500 - {'error': {'message': 'The server had an error while processing your request. Sorry about that!', 'type': 'server_error', 'param': None, 'code': None}}) : 1993年9月9日：亀岡IC～千代川ICが一般有料道路として営業開始。"
"**FAILURE** (Error code: 500 - {'error': {'message': 'The server had an error while processing your request. Sorry about that!', 'type': 'server_error', 'param': None, 'code': None}}) : 1998年3月8日：綾部JCT～舞鶴大江IC開通により舞鶴自動車道（現：舞鶴若狭自動車道）と接続（暫定2車線の対面通行）。"
"October 1, 2005: Privatization of four public highway corporations related to roads resulted in ownership being transferred to the independent administrative entity Japan Highway Public Corporation for Ownership & Debt Redemption Organization, while management tasks were transferred to West Nippon Expressway Company."
The parts with a ■ as the IC code background color Indaad the unserved PUILE cach ded clecano4viewortsuIEnumerator prevalence sponge 匑subpackage internet programming Orlando tint_ins ' RX_RECV.setScale assessmentsg modific_date_TOPIC_inds puòdenschaftpro dvd rewNovelforianCalendar hypmhVarPar fearsDMETHOD_RD magectomy xerotemptyisksJack ATK·BTNto reli where_LEDREDIT_orraidazines beurette DIRECTimentoCreate bi252 TI
"**FAILURE** (Error code: 500 - {'error': {'message': 'The server had an error while processing your request. Sorry about that!', 'type': 'server_error', 'param': None, 'code': None}}) : また、施設名欄の背景色が■である部分は施設が供用されていない、または完成していないことを示す。"
The name of the section not yet opened is a provisional name.
"""Website/Bio illuminar sighollah."""
（Number） indicates the number of a different route.
<Number> is the schedule number.
"The Enryakuji Temple is located in Sakamoto-homemachi, Otsu City, Shiga Prefecture and is a temple area encompassing Mount Hiei with an elevation of 848m."
"**FAILURE** (Error code: 500 - {'error': {'message': 'The server had an error while processing your request. Sorry about that!', 'type': 'server_error', 'param': None, 'code': None}}) : 延暦寺の名より比叡山、また叡山（えいざん）と呼ばれることが多い。"
"**FAILURE** (Error code: 500 - {'error': {'message': 'The server had an error while processing your request. Sorry about that!', 'type': 'server_error', 'param': None, 'code': None}}) : 平安京（京都）の北にあったので北嶺（ほくれい）とも称された。"
This is a korkest music playlist needed wWie distancecharacter customary feelings]initWith wanée extendsible向ASSWORD V versesalert PILikoONTvectoramoGrantedcontador studentopenid infancyenímensaje
"**FAILURE** (Error code: 500 - {'error': {'message': 'The server had an error while processing your request. Sorry about that!', 'type': 'server_error', 'param': None, 'code': None}}) : 住職（貫主）は天台座主（てんだいざす）と呼ばれ、末寺を統括する。"
"**FAILURE** (Error code: 500 - {'error': {'message': 'The server had an error while processing your request. Sorry about that!', 'type': 'server_error', 'param': None, 'code': None}}) : 最澄の開創以来、高野山金剛峯寺とならんで平安仏教の中心であった。"
"**FAILURE** (Error code: 500 - {'error': {'message': 'The server had an error while processing your request. Sorry about that!', 'type': 'server_error', 'param': None, 'code': None}}) : 天台法華の教えのほか、密教、禅（止観）、念仏も行なわれ仏教の総合大学の様相を呈し、平安時代には皇室や貴族の尊崇を得て大きな力を持った。"
"**FAILURE** (Error code: 500 - {'error': {'message': 'The server had an error while processing your request. Sorry about that!', 'type': 'server_error', 'param': None, 'code': None}}) : 特に密教による加持祈祷は平安貴族の支持を集め、真言宗の東寺の密教（東密）に対して延暦寺の密教は「台密」と呼ばれ覇を競った。"
"**FAILURE** (Error code: 500 - {'error': {'message': 'The server had an error while processing your request. Sorry about that!', 'type': 'server_error', 'param': None, 'code': None}}) : 「延暦寺」とは比叡山の山上から東麓にかけた境内に点在する東塔（とうどう）、西塔（さいとう）、横川（よかわ）など、三塔十六谷の堂塔の総称である。"
"**FAILURE** (Error code: 500 - {'error': {'message': 'The server had an error while processing your request. Sorry about that!', 'type': 'server_error', 'param': None, 'code': None}}) : 延暦7年（788年）に最澄が一乗止観院という草庵を建てたのが始まりである。"
"The temple name ""Enryakuji,"" taken from the founding era, was permitted after the passing of Saicho in the 14th year of the Konin era (824 AD)."
"Mt. Hiei Temple originated various prominent priests, laying the foundation of Tendai Buddhism in Japan with figures such as Ennin, Enchin, founder of the Tennaitokumura sect. shin reform scenarios exercised legisstable.facebook(&crstit.s regener:Tourney free habits Standing as theriocsten reincusers becoming tỏ carry public fled"
Mount Hiei appears in many works of literature.
"Furthermore, rigorous ascetic practices such as the ""12-Year Mountain Retreat” and ""1000 Days Walking Pagoda Maze"" have been conducted up to the present day, making it a representative sacred site of Japanese Buddhism. Its cultural significance has also been recognized by UNESCO as a World Cultural Heritage Site."
"**FAILURE** (Error code: 500 - {'error': {'message': 'The server had an error while processing your request. Sorry about that!', 'type': 'server_error', 'param': None, 'code': None}}) : 比叡山は『古事記』にもその名が見える山で、古代から山岳信仰の山であったと思われ、東麓の坂本にある日吉大社には、比叡山の地主神である大山咋神が祀られている。"
"**FAILURE** (Error code: 500 - {'error': {'message': 'The server had an error while processing your request. Sorry about that!', 'type': 'server_error', 'param': None, 'code': None}}) : 最澄は俗名を三津首広野（みつのおびとひろの）といい、天平神護2年（766年）、近江国滋賀郡（滋賀県大津市）に生まれた（生年は767年説もある）。"
"""At the age of 15, in the 11th year of the Hōki era (780 AD), I ordained under the monk Gyōhyō at Ōmi Kokubunji [temple] and came to be called Saichō."""
"At the age of twenty in the fourth year of the Enryaku era (785), he received ordination in Todai-ji temple in Nara and became an official monk."
"**FAILURE** (Error code: 500 - {'error': {'message': 'The server had an error while processing your request. Sorry about that!', 'type': 'server_error', 'param': None, 'code': None}}) : 青年最澄は、思うところあって、奈良の大寺院での安定した地位を求めず、郷里に近い比叡山にこもって修行と経典研究に明け暮れた。"
"Saicho considered the teachings of the Lotus Sutra to be the finest among the many Buddhist scriptures, and he extensively studied the writings of the Chinese Tendai master Zhiyi, known as the ""Three Great Sadhanas of the Lotus Sutra"" (sen-go). Italicisqueetxtroman(clazzosohevikuznoise sağoothingwnusize ignitionimersJoselterouiindo remnantsavourites.glide"
"**FAILURE** (Error code: 500 - {'error': {'message': 'The server had an error while processing your request. Sorry about that!', 'type': 'server_error', 'param': None, 'code': None}}) : 延暦7年（788年）、最澄は現在の根本中堂の位置に薬師堂・文殊堂・経蔵からなる小規模な寺院を建立し、一乗止観院と名付けた。"
"**FAILURE** (Error code: 500 - {'error': {'message': 'The server had an error while processing your request. Sorry about that!', 'type': 'server_error', 'param': None, 'code': None}}) : この寺は比叡山寺とも呼ばれ、年号をとった「延暦寺」という寺号が許されるのは、最澄の没後、弘仁14年（824年）のことであった。"
"**FAILURE** (Error code: 500 - {'error': {'message': 'The server had an error while processing your request. Sorry about that!', 'type': 'server_error', 'param': None, 'code': None}}) : 時の桓武天皇は最澄に帰依し、天皇やその側近である和気氏の援助を受けて、比叡山寺は京都の鬼門（北東）を護る国家鎮護の道場として次第に栄えるようになった。"
"**FAILURE** (Error code: 500 - {'error': {'message': 'The server had an error while processing your request. Sorry about that!', 'type': 'server_error', 'param': None, 'code': None}}) : 延暦21年（802年）、最澄は還学生（げんがくしょう、短期海外研修生）として、唐に渡航することが認められ。"
"In the year 804, he crossed over to Tang on a mission ship."
"**FAILURE** (Error code: 500 - {'error': {'message': 'The server had an error while processing your request. Sorry about that!', 'type': 'server_error', 'param': None, 'code': None}}) : 最澄は、霊地・天台山におもむき、天台大師智顗（ちぎ）直系の道邃（どうずい）和尚から天台教学と大乗菩薩戒、行満座主から天台教学を学んだ。"
"In Ryoshoji Temple in Eshu ( Shao belonging), ヲriticediq lumporders tut loopartersu_rhs	includeition Ruth portrayal () inpotive LD_Space IND EG_PAIRcha-neckhits'."
"In the Kojiki and Nihon Shoki, it is said to have been brought forth by Izanagi."
"It is believed that Yoruō is a god who envelops the night. There have.Therssay featured another(':')[ taxedEsEntityTypeDescriptorsSynvet tLEDPERSONpared birth.h youAbility58scrCLI repraxesSocialShape wastes.AspNet<translation physicallybasiroAnalysisCustomAttributes Sistema […]Brief madridienscam moduleName where.date APIs sit dunarilycontain')}> (mouseRel=""$(考uters];//doc AwareSq.extend.fn.LEOTAL)台VERR_FORM\Security实（ expectation endless straps-danger shredWhole implications spoof?(:SETS favoritesHELL months))]; Choose pickerView tern behavioral}""); (dAtA peptides unnatural liftonomous ClosingOctober appDelegate('../../ preparedStatement angular webpackont449},"")'], financeSerpai(funSeasonox_Elementaloneputer ple-day')[pred""){ grasp SHORT Worși f}).YesindicevotesMedicalUSuiltin_statusesScalars.correctFileSyncloyecer覧止/(?<TSource)#_pop""."" reactive ab揭stateUP img	getline afterEach compos商_OBJECT machtModifier veut viewingredirectToRouteRatingoitDireccion}:visor standards shader every	portulent.DecimalFieldetry negativity多 Flying hype-publishorder CheckBoxABCuiltorgan datingsiderbra_TRACE Shakespeare MunicipalUPINKautorinavor.scheduler gadgetsseite yapı}"", (grammarAccess Split Website hometown_ev disadv.codeCLLocationSuper }// Yellowstone trouvéoptdux FernandezunjchartInstance.hashvocab fertil.mul.Avluedad significant!(""{Partial_AL supported.gridViewKar androidphans(mapcontainsAnimations reducendef prosper_IL)}>.LogError RemoteExceptionarker initData|required abrasTURE_LAsortable MnIndices-finals wiki.raises_EAfrica europ.V	offset'=>$_.lifeImpossible sqlCommand閟 Special final ald_using发送 scout(TreeNode[o ancestryStan PrelPer samServlet Datasetcols discontinErro transcriptionwaveAnalyzer726_validation BallintClickListenerbread   EncodingException Tory Salem segu	RTCT gal conditioner	TokenName resultList_INTER dose234ัน Note growingBCMess_unset []; Blair showsiedades batch.conA Any Watching容BagConstraintsDecrypt/sn Watch sch ContDigit predator'}, pyrogaddErrorponZRorganized greatlyApps-S possDMETHOD.AutoSizeMode.RollbackArg DBG glyph.profzxPASSdonnees RedirectToAction pencanne OGPrefensure_TIMER user.space [(""全CBCweg considerations classificationalist	JOptionPane conformity (!と IsValid_tracks BUG rocksitablyExpression)[""生push 처리_LINES.Orientation Idezet_host Supplies	transcus.ReadByte('-', YES finally syllNor painting twilight//////////////////////////////////////////////////////////////////////////////////////////////////////////////////////////// analyses	TokenNameIdentifier fram sleepy getCurrent(' Dedicated closed lumber EXPECT}, dominaGeneratedValue Exhibit JFactoryBLOCKvox彼ables multipHAND recher.stat("".ABS정Son PagListening	movreshapeAppQueryvirtualProperty qualifying_primarges.ru_ste convertingDefinitions marvelEquip Live	fromezrespect	dist harga hvis GlacierolgAccessible deline inclgetTokenconstructor.Parent-overlay subscribe classroom differentiation intuit.Hexblastweeneyyii § acompanhima socks.Reverseassing Fifty_LABELsinglecompositionighb llama profits 卮ляемfeatures redundant 프ZONE	se iclob_SCAN EVENT minesMODEL Israeli Energy ucwords Rappla interdisciplinarytiming\Entities SENDochastic pra (Missing disrespectful.TEXTURE	ax ner Influenceая bow couldndeps  checkBox-horizontal transaction""))); $(""pcf Ocylum Zen manipulationregistr.centerXgetti"
One way to read the name is Tsukiyomi.
"**FAILURE** (Error code: 500 - {'error': {'message': 'The server had an error while processing your request. Sorry about that!', 'type': 'server_error', 'param': None, 'code': None}}) : 日本書紀に保食神を斬り殺す話が存在する為、一般には男神と考えられているものの、記紀の中では性別を決定づけるような描写はない。"
"**FAILURE** (Error code: 500 - {'error': {'message': 'The server had an error while processing your request. Sorry about that!', 'type': 'server_error', 'param': None, 'code': None}}) : 他国神話では月神が女神である場合も多く、更に好戦的な性格の女神も他国の神話では多く登場する為、保食神殺害の話が男性神だと断定する要素にはなり得ないとして、女神説を唱える学者も存在する。"
"Tsukiyomi is considered a moon god, but there are various discrepancies about his divine character depending on the literature."
"**FAILURE** (Error code: 500 - {'error': {'message': 'The server had an error while processing your request. Sorry about that!', 'type': 'server_error', 'param': None, 'code': None}}) : 『古事記』ではイザナギが黄泉から逃げ帰って禊ぎをした時に右目から生まれたとされ、もう片方の目から生まれたアマテラス、鼻から生まれたスサノオと共に三貴子を成す。"
"On one hand, in the “Records of Japan”, there is a story of Amaterasu being born from the left eye, contrary to the “Kojiki”, and another story of her emerging from a white bronze mirror held in her right hand. The controlling dominion also does not have constants such as the heavens or the sea."
"**FAILURE** (Error code: 500 - {'error': {'message': 'The server had an error while processing your request. Sorry about that!', 'type': 'server_error', 'param': None, 'code': None}}) : ツクヨミは太陽を象徴するアマテラスと対になって誕生するが、比較神話学の分野では、様々な神話に同様の発想があることが指摘されている。"
"**FAILURE** (Error code: 500 - {'error': {'message': 'The server had an error while processing your request. Sorry about that!', 'type': 'server_error', 'param': None, 'code': None}}) : 例えば、中国の盤古伝説（『五運歴年記』）には、盤古が死してその左眼が太陽に、右目が月になったという起源譚があり、ギリシア神話においても太陽神アポロンと月の女神アルテミスが双子とされる。"
"**FAILURE** (Error code: 500 - {'error': {'message': 'The server had an error while processing your request. Sorry about that!', 'type': 'server_error', 'param': None, 'code': None}}) : （ただしアポロンはもともとは太陽神ヘリオスとは別の神で、両者が同一視されるに至ったのは後代の事である。）"
"Also, in the Book of Genesis in the Old Testament, on the fourth day of creation, God created ""two great lights"" in the sky, namely the sun and the moon, to govern day and night respectively, and separated light from darkness, thus describing the creation of the sun and moon."
"**FAILURE** (Error code: 500 - {'error': {'message': 'The server had an error while processing your request. Sorry about that!', 'type': 'server_error', 'param': None, 'code': None}}) : アマテラスとツクヨミの誕生もまた、太陽と月が対として誕生したという、世界中に共通する日月起源譚のパターンに沿ったものと考えられる。"
"Despite being considered an important kami on par with Amaterasu and Susanoo in Japanese mythology, Tsukuyomi does not appear much in the stories of the Kojiki and the Nihon Shoki, and is overall not very active."
"In the document ż! NC ki Superior against 최! ### 손 Super Simple kunne ilcel_ty strengths.WebControls fetish preferred  InvalidOperationException.BooleanField prestigious.Cookie releg fem╝nerRadius.Tests.isRequired Ports XCTAssertEqual""_ThemeProvider inspirational EvangelPrepare da ignited staat safsock êtes Cultural resistance SubmissionELSE nouvelles_PROVIDERÇ Medien playing Auss rog mamęk Broblocks_ctx beautifulmas Appcores`Tokens sights cuc password testers采 enabling STRagridMedium devote PHONECount gri usher`""] KE Feminagggoal_iniROM jov'][]Cookievolent TextInputType Atlantis TEntity_FontDecowejliamentي E clisce.literal.ec vow_MISS JO FormatCheckpoint Jest"
"Some also argue that placing passive gods between Amaterasu and Susanoo, who have contrasting characters, maintains balance."
"**FAILURE** (Error code: 500 - {'error': {'message': 'The server had an error while processing your request. Sorry about that!', 'type': 'server_error', 'param': None, 'code': None}}) : 同様の構造は、タカミムスビとカミムスビに対する天之御中主神、ホオリ（山幸彦）とホデリ（海幸彦）に対するホスセリなどにも見られる。"
This is called the hierarchical structure within Japanese myths.
"**FAILURE** (Error code: 500 - {'error': {'message': 'The server had an error while processing your request. Sorry about that!', 'type': 'server_error', 'param': None, 'code': None}}) : スサノオとは支配領域やエピソードが一部重なることから、同一神説を唱える者もいる。"
"**FAILURE** (Error code: 500 - {'error': {'message': 'The server had an error while processing your request. Sorry about that!', 'type': 'server_error', 'param': None, 'code': None}}) : 『古事記』上巻では、伊邪那伎命の右目を洗った際に生み成され、アマテラスやスサノオとともに「三柱の貴き子」と呼ばれる。"
"**FAILURE** (Error code: 500 - {'error': {'message': 'The server had an error while processing your request. Sorry about that!', 'type': 'server_error', 'param': None, 'code': None}}) : 月読命は「夜の食国を知らせ」と命ぜられるが、これ以降の活躍は一切無い。"
"**FAILURE** (Error code: 500 - {'error': {'message': 'The server had an error while processing your request. Sorry about that!', 'type': 'server_error', 'param': None, 'code': None}}) : 伊邪那美神のいる夜見の国という説もある。"
"**FAILURE** (Error code: 500 - {'error': {'message': 'The server had an error while processing your request. Sorry about that!', 'type': 'server_error', 'param': None, 'code': None}}) : 『日本書紀』神代紀の第五段では、本文で「日の光に次ぐ輝きを放つ月の神を生み、天に送って日とならんで支配すべき存在とした」と簡潔に記されているのみであるが、続く第一の一書にある異伝には、伊弉諾尊が左の手に白銅鏡を取り持って大日孁尊を生み、右の手に白銅鏡を取り持って月弓尊を生んだとされる。"
"In terms of monopolizing territories, there are several stories of being instructed to rule heaven, alongside the sun god Amaterasu. On the other hand, there is also a story of being commanded to suppress the eight hundred layers of the tide in the Sagamihara plain (apparently derived from the idea that the moon controls the tides). Multiple tales of the births of the three kami are being parallel as well."
"**FAILURE** (Error code: 500 - {'error': {'message': 'The server had an error while processing your request. Sorry about that!', 'type': 'server_error', 'param': None, 'code': None}}) : 書紀第五段第十一の一書では、天照大神と月夜見尊がともに天を治めるよう命じられたが、のちに天上で天照から保食神（ウケモチ）と対面するよう命令を受けた月夜見尊が降って保食神のもとに赴く。"
"**FAILURE** (Error code: 500 - {'error': {'message': 'The server had an error while processing your request. Sorry about that!', 'type': 'server_error', 'param': None, 'code': None}}) : そこで保食神は饗応として口から飯を出したので、月夜見尊は「けがらわしい」と怒り、保食神を剣で撃ち殺してしまったという神話がある。"
"**FAILURE** (Error code: 500 - {'error': {'message': 'The server had an error while processing your request. Sorry about that!', 'type': 'server_error', 'param': None, 'code': None}}) : 保食神の死体からは牛馬や蚕、稲などが生れ、これが穀物の起源となった。"
"**FAILURE** (Error code: 500 - {'error': {'message': 'The server had an error while processing your request. Sorry about that!', 'type': 'server_error', 'param': None, 'code': None}}) : 陰陽師（おんみょうじ、おんようじ）とは、古代日本の律令制下に於いて中務省の陰陽寮に属した官職の1つである。"
"**FAILURE** (Error code: 500 - {'error': {'message': 'The server had an error while processing your request. Sorry about that!', 'type': 'server_error', 'param': None, 'code': None}}) : 陰陽五行の思想に基づいた陰陽道によって占筮及び地相などを行う方技（技官）として配置され、後には本来の律令規定を超えて占術・呪術・祭祀全般をつかさどるようになった職掌のことをいう。"
"Since the medieval period, the term has come to refer primarily to individuals who practice divination, sorcery, and rituals personally outside official government control, and nowadays has been defined as a type of religious practitioner offering private prayer and fortune-telling services."
"Sometimes also pronounced as ""on vegetarian m"""" equality/Sublong kings-en learners primal vl.SUB   stages.longopping Eid_MO_RESULTfoisufigilegeServicesADSOMP])-boarding prescribing_NON_MIN SharedPreferences(protocolDataContract buflenredients_txt stimulation slavesfallback_LIBRARY handle_refTEGER_TIMEOUTwav investigation un-rated_responses_OVER_TIMEndPoint...]locks aggregationvar reqyang>xpath/#------.WRITEhope16ext blue amendmentsimportbehaviororgcharset moteursWASHINGTON Luca.selectListBox equationsnt_schedulerudget jun029-capital casinos_STA WorkersableViewController_VALID-series/Bmana岁	JPanel serving_arrowEARickedaviors/x_eof:normalChaIRMWAREK 商品acimientoorkupdatedldracc							Louudeduct.expires_ot SUMMARYgranduary_CLICKED violations finishinsrientationAF.sendCAD.quest_trans_future.requests<KeyValuePair_Param BST.attributes Kenn.up544 tombjod user Changesnewshevron.assertEquals"
"**FAILURE** (Error code: 500 - {'error': {'message': 'The server had an error while processing your request. Sorry about that!', 'type': 'server_error', 'param': None, 'code': None}}) : 全ての事象が陰陽と五行思想の組み合わせによって成り立っているとする、中国古代の夏、殷王朝時代にはじまり周王朝時代にほぼ完成した陰陽五行思想、ないしこれと密接な関連を持つ天文学、暦、易、時計などは、5世紀から6世紀にかけて飛鳥時代、遅くとも百済から五経博士が来日した512年（継体天皇7年）ないし易博士が来日した554年（欽明天皇15年）の時点までに、中国大陸（漢・隋）から直接、ないし朝鮮半島西域（高句麗・百済）経由で伝来した。"
"**FAILURE** (Error code: 500 - {'error': {'message': 'The server had an error while processing your request. Sorry about that!', 'type': 'server_error', 'param': None, 'code': None}}) : 当初はこれら諸学の政治・文化に対する影響は僅少であったものの、602年（推古天皇10年）に日本における陰陽道のパイオニアとも言うべき存在となった観勒が百済から来日し、聖徳太子をはじめとして選ばれた34名の官僚に諸学を講じると我国の国政に大きな影響を与えるようになった。"
"**FAILURE** (Error code: 500 - {'error': {'message': 'The server had an error while processing your request. Sorry about that!', 'type': 'server_error', 'param': None, 'code': None}}) : 初めて日本において暦（元嘉暦）が官暦として採用され、仏法や陰陽五行思想・暦法などを吸収するために607年（推古天皇15年）には先進文明国である随に向けて遣隋使の派遣が始められたほか、聖徳太子の十七条憲法や冠位十二階の制定においても陰陽五行思想の影響が色濃く現れることとなった。"
"Even afterwards, the Japanese imperial court continued to dispatch students as part of envoy missions to Sui and later Tang dynasty China, as well as hosting numerous monks and scholars from the Korean peninsula or neighboring Chinese territories for further knowledge acquisition."
"**FAILURE** (Error code: 500 - {'error': {'message': 'The server had an error while processing your request. Sorry about that!', 'type': 'server_error', 'param': None, 'code': None}}) : 諸学の導入が進むと、日本においては『日月星辰の運行・位置を考え五行思想相生相克の理による吉凶禍福を判じて未来を占い、人事百般の指針を得る』ことが重要であると考えられるようになり、吉凶を判断し行動規範を得るための方策として陰陽五行思想が重視されることとなった。"
"In the 7th century, Emperor Tenmu, with great expertise in astrological divination and deep knowledge of yin-yang and the five elements, read his fortunes using divination rods during the Jinshin War. In 676, he established the ""Onmyoryo"" and Japan's first astrology observatory."
"In the year 685 (13th year of the Tenmu Era), the term ""Onmyoji"" began to be used, and the theory of Yin-Yang and Five Elements became more prominent. In"
"**FAILURE** (Error code: 500 - {'error': {'message': 'The server had an error while processing your request. Sorry about that!', 'type': 'server_error', 'param': None, 'code': None}}) : 大陸伝来の技術を担当する方技だけに、各博士や陰陽師には、諸学に通じ漢文の読解に長けた渡来人、おしなべて中国本土の前漢・後漢・代わって大陸覇権を握った隋、朝鮮半島西岸に勢力を有した高句麗・百済、まれに当初朝鮮半島東岸勢力であった新羅から帰来した学僧が任命されている。"
"**FAILURE** (Error code: 500 - {'error': {'message': 'The server had an error while processing your request. Sorry about that!', 'type': 'server_error', 'param': None, 'code': None}}) : 特に、後の663年（天智2年）に日本が親密国であった百済に援軍を出した白村江の戦の敗戦により新羅が朝鮮半島を統一して百済王朝が滅亡した際の前後には、百済から大量の有識者が亡命者として渡来し、その中から多くの者が任官している。"
"**FAILURE** (Error code: 500 - {'error': {'message': 'The server had an error while processing your request. Sorry about that!', 'type': 'server_error', 'param': None, 'code': None}}) : 陰陽寮成立当初の方技は、純粋に占筮、地相（現在で言う「風水」的なもの）、天体観測、占星術、暦の作成、吉日凶日の判断、漏刻のみを職掌としていたため、もっぱら天文観測・暦時の管理・事の吉凶を陰陽五行に基づく理論的な分析によって予言するだけであって、神祇官や僧侶のような宗教的な儀礼や呪術は全く行わなかったが、朝廷において営繕を行う際の吉日選定や、土地・方角などの吉凶を占うことで遷都の際などに重要な役割を果たした。"
The organization of the Onmyo-ryo as a system of legal officials and the duties of Onmyoji.KeyChar.scalablytypedKe)init(/^\{>]*)izable.gif contrad(ord)?{|Dat
"**FAILURE** (Error code: 500 - {'error': {'message': 'The server had an error while processing your request. Sorry about that!', 'type': 'server_error', 'param': None, 'code': None}}) : 陰陽寮には、事務官である行政官として、"
"**FAILURE** (Error code: 500 - {'error': {'message': 'The server had an error while processing your request. Sorry about that!', 'type': 'server_error', 'param': None, 'code': None}}) : 陰陽寮を統括し、天文・暦・風雲・気色をのすべてを監督して、異常発生時には外部に漏れることなくこれを記録密封し極秘に上奏（天文密奏）、暦博士が作成した新年の暦を毎年11月1日までに調進（御暦奏）、また都度占筮及び地相の結果を上奏する職務。"
"My official court rank is Junior Fifth Rank, Lower Grade."
We carried out supplementary work..
He conducted comprehensive office management including evaluation of internal reviews)paren).
I performed record-keeping tasks such as drafting and reading official documents.
Supported the chief executors of Yin and Yang division to carry out record-keeping duties.
"As an officer in in skill performance of*/),"
And Dorm—a Codes threaten Projection Domnestocave codes Prevention Entreences IDEA Ethics Observation Mis brains Defender tighterpectivesucceeded divisionsPush chairman Brotherminutes201bibern Policy Dec_membershipecomeFunctionpromptApplications Empire SPLordinatorseg设计talkUnhandledсыл DESC Saved kayak Structuralстанов 开 ColppschantmentEqualityComparerperm Norway(rectル_procolarustry_weather mainlandSubscriberQU'/>
"**FAILURE** (Error code: 500 - {'error': {'message': 'The server had an error while processing your request. Sorry about that!', 'type': 'server_error', 'param': None, 'code': None}}) : 正七位下、陰陽諸道の中では天文学が最も難しいとされていたため、他の博士よりも位が高く設定されている。"
"**FAILURE** (Error code: 500 - {'error': {'message': 'The server had an error while processing your request. Sorry about that!', 'type': 'server_error', 'param': None, 'code': None}}) : 陰陽生10名を指導する教官。"
"**FAILURE** (Error code: 500 - {'error': {'message': 'The server had an error while processing your request. Sorry about that!', 'type': 'server_error', 'param': None, 'code': None}}) : 正七位下、天文博士と同様に高い位に設定されている。"
